{'deliver_day': 7, 'order_id': 5000001, 'order_criation_day': 1, 'sending_day': 1, 'receiver': 4, 'sender': 5, 'product': 5001, 'quantity': 18121277, 'transit_time': 6, 'lead_time': 6, 'theoretical_lead': 6, 'update_day': 7, 'transaction_id': 1, 'delivered': 1},
{'deliver_day': 7, 'order_id': 5000002, 'order_criation_day': 2, 'sending_day': 2, 'receiver': 4, 'sender': 5, 'product': 5001, 'quantity': 18118295, 'transit_time': 5, 'lead_time': 6, 'theoretical_lead': 5, 'update_day': 8, 'transaction_id': 2, 'delivered': 1},
{'deliver_day': 9, 'order_id': 5000003, 'order_criation_day': 3, 'sending_day': 3, 'receiver': 4, 'sender': 5, 'product': 5001, 'quantity': 18116726, 'transit_time': 6, 'lead_time': 6, 'theoretical_lead': 6, 'update_day': 9, 'transaction_id': 3, 'delivered': 1},
{'deliver_day': 10, 'order_id': 5000004, 'order_criation_day': 4, 'sending_day': 4, 'receiver': 4, 'sender': 5, 'product': 5001, 'quantity': 18115953, 'transit_time': 6, 'lead_time': 6, 'theoretical_lead': 6, 'update_day': 10, 'transaction_id': 4, 'delivered': 1},
{'deliver_day': 11, 'order_id': 4000002, 'order_criation_day': 2, 'sending_day': 7, 'receiver': 3, 'sender': 4, 'product': 4001, 'quantity': 2861818, 'transit_time': 9, 'lead_time': 9, 'theoretical_lead': 9, 'update_day': 11, 'transaction_id': 8, 'delivered': 1},
{'deliver_day': 10, 'order_id': 5000005, 'order_criation_day': 5, 'sending_day': 5, 'receiver': 4, 'sender': 5, 'product': 5001, 'quantity': 18115536, 'transit_time': 5, 'lead_time': 6, 'theoretical_lead': 5, 'update_day': 11, 'transaction_id': 5, 'delivered': 1},
{'deliver_day': 12, 'order_id': 4000001, 'order_criation_day': 1, 'sending_day': 7, 'receiver': 3, 'sender': 4, 'product': 4001, 'quantity': 2862761, 'transit_time': 11, 'lead_time': 11, 'theoretical_lead': 11, 'update_day': 12, 'transaction_id': 7, 'delivered': 1},
{'deliver_day': 11, 'order_id': 5000006, 'order_criation_day': 6, 'sending_day': 6, 'receiver': 4, 'sender': 5, 'product': 5001, 'quantity': 18115295, 'transit_time': 5, 'lead_time': 6, 'theoretical_lead': 5, 'update_day': 12, 'transaction_id': 6, 'delivered': 1},
{'deliver_day': 12, 'order_id': 4000003, 'order_criation_day': 3, 'sending_day': 7, 'receiver': 3, 'sender': 4, 'product': 4001, 'quantity': 2861546, 'transit_time': 9, 'lead_time': 10, 'theoretical_lead': 9, 'update_day': 13, 'transaction_id': 9, 'delivered': 1},
{'deliver_day': 13, 'order_id': 4000004, 'order_criation_day': 4, 'sending_day': 7, 'receiver': 3, 'sender': 4, 'product': 4001, 'quantity': 2861552, 'transit_time': 9, 'lead_time': 10, 'theoretical_lead': 9, 'update_day': 14, 'transaction_id': 10, 'delivered': 1},
{'deliver_day': 15, 'order_id': 3000001, 'order_criation_day': 1, 'sending_day': 11, 'receiver': 2, 'sender': 3, 'product': 3001, 'quantity': 452253, 'transit_time': 14, 'lead_time': 14, 'theoretical_lead': 14, 'update_day': 15, 'transaction_id': 17, 'delivered': 1},
{'deliver_day': 12, 'order_id': 4000005, 'order_criation_day': 5, 'sending_day': 7, 'receiver': 3, 'sender': 4, 'product': 4001, 'quantity': 2861590, 'transit_time': 7, 'lead_time': 10, 'theoretical_lead': 7, 'update_day': 15, 'transaction_id': 11, 'delivered': 1},
{'deliver_day': 16, 'order_id': 3000002, 'order_criation_day': 2, 'sending_day': 11, 'receiver': 2, 'sender': 3, 'product': 3001, 'quantity': 451955, 'transit_time': 14, 'lead_time': 14, 'theoretical_lead': 14, 'update_day': 16, 'transaction_id': 18, 'delivered': 1},
{'deliver_day': 12, 'order_id': 4000006, 'order_criation_day': 6, 'sending_day': 7, 'receiver': 3, 'sender': 4, 'product': 4001, 'quantity': 2861628, 'transit_time': 6, 'lead_time': 10, 'theoretical_lead': 6, 'update_day': 16, 'transaction_id': 12, 'delivered': 1},
{'deliver_day': 17, 'order_id': 3000003, 'order_criation_day': 3, 'sending_day': 11, 'receiver': 2, 'sender': 3, 'product': 3001, 'quantity': 451974, 'transit_time': 14, 'lead_time': 14, 'theoretical_lead': 14, 'update_day': 17, 'transaction_id': 19, 'delivered': 1},
{'deliver_day': 13, 'order_id': 4000007, 'order_criation_day': 7, 'sending_day': 8, 'receiver': 3, 'sender': 4, 'product': 4001, 'quantity': 2861679, 'transit_time': 6, 'lead_time': 10, 'theoretical_lead': 6, 'update_day': 17, 'transaction_id': 13, 'delivered': 1},
{'deliver_day': 18, 'order_id': 3000004, 'order_criation_day': 4, 'sending_day': 11, 'receiver': 2, 'sender': 3, 'product': 3001, 'quantity': 452063, 'transit_time': 14, 'lead_time': 14, 'theoretical_lead': 14, 'update_day': 18, 'transaction_id': 20, 'delivered': 1},
{'deliver_day': 13, 'order_id': 4000008, 'order_criation_day': 8, 'sending_day': 8, 'receiver': 3, 'sender': 4, 'product': 4001, 'quantity': 2861723, 'transit_time': 5, 'lead_time': 10, 'theoretical_lead': 5, 'update_day': 18, 'transaction_id': 14, 'delivered': 1},
{'deliver_day': 17, 'order_id': 3000005, 'order_criation_day': 5, 'sending_day': 11, 'receiver': 2, 'sender': 3, 'product': 3001, 'quantity': 452095, 'transit_time': 12, 'lead_time': 14, 'theoretical_lead': 12, 'update_day': 19, 'transaction_id': 21, 'delivered': 1},
{'deliver_day': 15, 'order_id': 4000009, 'order_criation_day': 9, 'sending_day': 9, 'receiver': 3, 'sender': 4, 'product': 4001, 'quantity': 2861780, 'transit_time': 6, 'lead_time': 10, 'theoretical_lead': 6, 'update_day': 19, 'transaction_id': 15, 'delivered': 1},
{'deliver_day': 20, 'order_id': 2000002, 'order_criation_day': 2, 'sending_day': 15, 'receiver': 1, 'sender': 2, 'product': 2001, 'quantity': 71351, 'transit_time': 18, 'lead_time': 18, 'theoretical_lead': 18, 'update_day': 20, 'transaction_id': 32, 'delivered': 1},
{'deliver_day': 17, 'order_id': 3000006, 'order_criation_day': 6, 'sending_day': 11, 'receiver': 2, 'sender': 3, 'product': 3001, 'quantity': 452101, 'transit_time': 11, 'lead_time': 14, 'theoretical_lead': 11, 'update_day': 20, 'transaction_id': 22, 'delivered': 1},
{'deliver_day': 15, 'order_id': 4000010, 'order_criation_day': 10, 'sending_day': 10, 'receiver': 3, 'sender': 4, 'product': 4001, 'quantity': 2861850, 'transit_time': 5, 'lead_time': 10, 'theoretical_lead': 5, 'update_day': 20, 'transaction_id': 16, 'delivered': 1},
