{'deliver_day': 6, 'order_id': 5000001, 'order_criation_day': 1, 'sending_day': 1, 'receiver': 4, 'sender': 5, 'product': 5001, 'quantity': 29127455, 'transit_time': 5, 'lead_time': 5, 'theoretical_lead': 5, 'update_day': 6, 'transaction_id': 1, 'delivered': 1},
{'deliver_day': 7, 'order_id': 5000002, 'order_criation_day': 2, 'sending_day': 2, 'receiver': 4, 'sender': 5, 'product': 5001, 'quantity': 29167153, 'transit_time': 5, 'lead_time': 5, 'theoretical_lead': 5, 'update_day': 7, 'transaction_id': 2, 'delivered': 1},
{'deliver_day': 7, 'order_id': 5000003, 'order_criation_day': 3, 'sending_day': 3, 'receiver': 4, 'sender': 5, 'product': 5001, 'quantity': 29201250, 'transit_time': 4, 'lead_time': 5, 'theoretical_lead': 4, 'update_day': 8, 'transaction_id': 3, 'delivered': 1},
{'deliver_day': 9, 'order_id': 4000001, 'order_criation_day': 1, 'sending_day': 6, 'receiver': 3, 'sender': 4, 'product': 4001, 'quantity': 3973732, 'transit_time': 8, 'lead_time': 8, 'theoretical_lead': 8, 'update_day': 9, 'transaction_id': 6, 'delivered': 1},
{'deliver_day': 10, 'order_id': 5000004, 'order_criation_day': 4, 'sending_day': 4, 'receiver': 4, 'sender': 5, 'product': 5001, 'quantity': 29231007, 'transit_time': 6, 'lead_time': 6, 'theoretical_lead': 6, 'update_day': 10, 'transaction_id': 4, 'delivered': 1},
{'deliver_day': 11, 'order_id': 4000005, 'order_criation_day': 5, 'sending_day': 6, 'receiver': 3, 'sender': 4, 'product': 4001, 'quantity': 4005396, 'transit_time': 6, 'lead_time': 6, 'theoretical_lead': 6, 'update_day': 11, 'transaction_id': 10, 'delivered': 1},
{'deliver_day': 12, 'order_id': 4000002, 'order_criation_day': 2, 'sending_day': 6, 'receiver': 3, 'sender': 4, 'product': 4001, 'quantity': 3984552, 'transit_time': 10, 'lead_time': 10, 'theoretical_lead': 10, 'update_day': 12, 'transaction_id': 7, 'delivered': 1},
{'deliver_day': 13, 'order_id': 3000007, 'order_criation_day': 7, 'sending_day': 9, 'receiver': 2, 'sender': 3, 'product': 3001, 'quantity': 550179, 'transit_time': 6, 'lead_time': 6, 'theoretical_lead': 6, 'update_day': 13, 'transaction_id': 20, 'delivered': 1},
{'deliver_day': 13, 'order_id': 4000003, 'order_criation_day': 3, 'sending_day': 6, 'receiver': 3, 'sender': 4, 'product': 4001, 'quantity': 3993076, 'transit_time': 10, 'lead_time': 10, 'theoretical_lead': 10, 'update_day': 13, 'transaction_id': 8, 'delivered': 1},
{'deliver_day': 14, 'order_id': 3000001, 'order_criation_day': 1, 'sending_day': 9, 'receiver': 2, 'sender': 3, 'product': 3001, 'quantity': 542119, 'transit_time': 13, 'lead_time': 13, 'theoretical_lead': 13, 'update_day': 14, 'transaction_id': 14, 'delivered': 1},
{'deliver_day': 12, 'order_id': 4000004, 'order_criation_day': 4, 'sending_day': 6, 'receiver': 3, 'sender': 4, 'product': 4001, 'quantity': 3999998, 'transit_time': 8, 'lead_time': 10, 'theoretical_lead': 8, 'update_day': 14, 'transaction_id': 9, 'delivered': 1},
{'deliver_day': 15, 'order_id': 3000002, 'order_criation_day': 2, 'sending_day': 9, 'receiver': 2, 'sender': 3, 'product': 3001, 'quantity': 545064, 'transit_time': 13, 'lead_time': 13, 'theoretical_lead': 13, 'update_day': 15, 'transaction_id': 15, 'delivered': 1},
{'deliver_day': 13, 'order_id': 4000006, 'order_criation_day': 6, 'sending_day': 6, 'receiver': 3, 'sender': 4, 'product': 4001, 'quantity': 4009587, 'transit_time': 7, 'lead_time': 9, 'theoretical_lead': 7, 'update_day': 15, 'transaction_id': 11, 'delivered': 1},
{'deliver_day': 14, 'order_id': 3000003, 'order_criation_day': 3, 'sending_day': 9, 'receiver': 2, 'sender': 3, 'product': 3001, 'quantity': 547072, 'transit_time': 11, 'lead_time': 13, 'theoretical_lead': 11, 'update_day': 16, 'transaction_id': 16, 'delivered': 1},
{'deliver_day': 13, 'order_id': 4000007, 'order_criation_day': 7, 'sending_day': 7, 'receiver': 3, 'sender': 4, 'product': 4001, 'quantity': 4012917, 'transit_time': 6, 'lead_time': 9, 'theoretical_lead': 6, 'update_day': 16, 'transaction_id': 12, 'delivered': 1},
{'deliver_day': 17, 'order_id': 2000001, 'order_criation_day': 1, 'sending_day': 13, 'receiver': 1, 'sender': 2, 'product': 2001, 'quantity': 73959, 'transit_time': 16, 'lead_time': 16, 'theoretical_lead': 16, 'update_day': 17, 'transaction_id': 26, 'delivered': 1},
{'deliver_day': 15, 'order_id': 3000004, 'order_criation_day': 4, 'sending_day': 9, 'receiver': 2, 'sender': 3, 'product': 3001, 'quantity': 548520, 'transit_time': 11, 'lead_time': 13, 'theoretical_lead': 11, 'update_day': 17, 'transaction_id': 17, 'delivered': 1},
{'deliver_day': 15, 'order_id': 4000008, 'order_criation_day': 8, 'sending_day': 8, 'receiver': 3, 'sender': 4, 'product': 4001, 'quantity': 4015651, 'transit_time': 7, 'lead_time': 9, 'theoretical_lead': 7, 'update_day': 17, 'transaction_id': 13, 'delivered': 1},
{'deliver_day': 18, 'order_id': 2000002, 'order_criation_day': 2, 'sending_day': 13, 'receiver': 1, 'sender': 2, 'product': 2001, 'quantity': 74758, 'transit_time': 16, 'lead_time': 16, 'theoretical_lead': 16, 'update_day': 18, 'transaction_id': 27, 'delivered': 1},
{'deliver_day': 16, 'order_id': 3000005, 'order_criation_day': 5, 'sending_day': 9, 'receiver': 2, 'sender': 3, 'product': 3001, 'quantity': 549370, 'transit_time': 11, 'lead_time': 13, 'theoretical_lead': 11, 'update_day': 18, 'transaction_id': 18, 'delivered': 1},
{'deliver_day': 19, 'order_id': 2000003, 'order_criation_day': 3, 'sending_day': 13, 'receiver': 1, 'sender': 2, 'product': 2001, 'quantity': 75177, 'transit_time': 16, 'lead_time': 16, 'theoretical_lead': 16, 'update_day': 19, 'transaction_id': 28, 'delivered': 1},
{'deliver_day': 15, 'order_id': 3000006, 'order_criation_day': 6, 'sending_day': 9, 'receiver': 2, 'sender': 3, 'product': 3001, 'quantity': 549851, 'transit_time': 9, 'lead_time': 13, 'theoretical_lead': 9, 'update_day': 19, 'transaction_id': 19, 'delivered': 1},
{'deliver_day': 18, 'order_id': 2000004, 'order_criation_day': 4, 'sending_day': 13, 'receiver': 1, 'sender': 2, 'product': 2001, 'quantity': 75419, 'transit_time': 14, 'lead_time': 16, 'theoretical_lead': 14, 'update_day': 20, 'transaction_id': 29, 'delivered': 1},
{'deliver_day': 19, 'order_id': 3000008, 'order_criation_day': 8, 'sending_day': 11, 'receiver': 2, 'sender': 3, 'product': 3001, 'quantity': 550441, 'transit_time': 11, 'lead_time': 12, 'theoretical_lead': 11, 'update_day': 20, 'transaction_id': 21, 'delivered': 1},
{'deliver_day': 21, 'order_id': 1000002, 'order_criation_day': 2, 'sending_day': 17, 'receiver': 0, 'sender': 1, 'product': 1001, 'quantity': 10305, 'transit_time': 19, 'lead_time': 19, 'theoretical_lead': 19, 'update_day': 21, 'transaction_id': 43, 'delivered': 1},
{'deliver_day': 19, 'order_id': 2000005, 'order_criation_day': 5, 'sending_day': 13, 'receiver': 1, 'sender': 2, 'product': 2001, 'quantity': 75410, 'transit_time': 14, 'lead_time': 16, 'theoretical_lead': 14, 'update_day': 21, 'transaction_id': 30, 'delivered': 1},
{'deliver_day': 17, 'order_id': 3000009, 'order_criation_day': 9, 'sending_day': 11, 'receiver': 2, 'sender': 3, 'product': 3001, 'quantity': 550652, 'transit_time': 8, 'lead_time': 12, 'theoretical_lead': 8, 'update_day': 21, 'transaction_id': 22, 'delivered': 1},
{'deliver_day': 22, 'order_id': 1000010, 'order_criation_day': 10, 'sending_day': 18, 'receiver': 0, 'sender': 1, 'product': 1001, 'quantity': 10225, 'transit_time': 12, 'lead_time': 12, 'theoretical_lead': 12, 'update_day': 22, 'transaction_id': 51, 'delivered': 1},
{'deliver_day': 18, 'order_id': 2000006, 'order_criation_day': 6, 'sending_day': 13, 'receiver': 1, 'sender': 2, 'product': 2001, 'quantity': 75343, 'transit_time': 12, 'lead_time': 16, 'theoretical_lead': 12, 'update_day': 22, 'transaction_id': 31, 'delivered': 1},
{'deliver_day': 19, 'order_id': 3000010, 'order_criation_day': 10, 'sending_day': 11, 'receiver': 2, 'sender': 3, 'product': 3001, 'quantity': 550783, 'transit_time': 9, 'lead_time': 12, 'theoretical_lead': 9, 'update_day': 22, 'transaction_id': 23, 'delivered': 1},
{'deliver_day': 23, 'order_id': 1000001, 'order_criation_day': 1, 'sending_day': 17, 'receiver': 0, 'sender': 1, 'product': 1001, 'quantity': 10090, 'transit_time': 22, 'lead_time': 22, 'theoretical_lead': 22, 'update_day': 23, 'transaction_id': 42, 'delivered': 1},
{'deliver_day': 23, 'order_id': 1000003, 'order_criation_day': 3, 'sending_day': 17, 'receiver': 0, 'sender': 1, 'product': 1001, 'quantity': 10368, 'transit_time': 20, 'lead_time': 20, 'theoretical_lead': 20, 'update_day': 23, 'transaction_id': 44, 'delivered': 1},
{'deliver_day': 23, 'order_id': 1000005, 'order_criation_day': 5, 'sending_day': 17, 'receiver': 0, 'sender': 1, 'product': 1001, 'quantity': 10284, 'transit_time': 18, 'lead_time': 18, 'theoretical_lead': 18, 'update_day': 23, 'transaction_id': 46, 'delivered': 1},
{'deliver_day': 23, 'order_id': 1000006, 'order_criation_day': 6, 'sending_day': 17, 'receiver': 0, 'sender': 1, 'product': 1001, 'quantity': 10229, 'transit_time': 17, 'lead_time': 17, 'theoretical_lead': 17, 'update_day': 23, 'transaction_id': 47, 'delivered': 1},
{'deliver_day': 23, 'order_id': 1000007, 'order_criation_day': 7, 'sending_day': 17, 'receiver': 0, 'sender': 1, 'product': 1001, 'quantity': 10256, 'transit_time': 16, 'lead_time': 16, 'theoretical_lead': 16, 'update_day': 23, 'transaction_id': 48, 'delivered': 1},
{'deliver_day': 23, 'order_id': 1000011, 'order_criation_day': 11, 'sending_day': 18, 'receiver': 0, 'sender': 1, 'product': 1001, 'quantity': 10094, 'transit_time': 12, 'lead_time': 12, 'theoretical_lead': 12, 'update_day': 23, 'transaction_id': 52, 'delivered': 1},
{'deliver_day': 23, 'order_id': 1000013, 'order_criation_day': 13, 'sending_day': 18, 'receiver': 0, 'sender': 1, 'product': 1001, 'quantity': 10105, 'transit_time': 10, 'lead_time': 10, 'theoretical_lead': 10, 'update_day': 23, 'transaction_id': 54, 'delivered': 1},
{'deliver_day': 23, 'order_id': 1000015, 'order_criation_day': 15, 'sending_day': 19, 'receiver': 0, 'sender': 1, 'product': 1001, 'quantity': 10097, 'transit_time': 8, 'lead_time': 8, 'theoretical_lead': 8, 'update_day': 23, 'transaction_id': 56, 'delivered': 1},
{'deliver_day': 18, 'order_id': 2000007, 'order_criation_day': 7, 'sending_day': 13, 'receiver': 1, 'sender': 2, 'product': 2001, 'quantity': 75320, 'transit_time': 11, 'lead_time': 16, 'theoretical_lead': 11, 'update_day': 23, 'transaction_id': 32, 'delivered': 1},
{'deliver_day': 16, 'order_id': 3000011, 'order_criation_day': 11, 'sending_day': 11, 'receiver': 2, 'sender': 3, 'product': 3001, 'quantity': 550818, 'transit_time': 5, 'lead_time': 12, 'theoretical_lead': 5, 'update_day': 23, 'transaction_id': 24, 'delivered': 1},
{'deliver_day': 24, 'order_id': 1000004, 'order_criation_day': 4, 'sending_day': 17, 'receiver': 0, 'sender': 1, 'product': 1001, 'quantity': 10388, 'transit_time': 20, 'lead_time': 20, 'theoretical_lead': 20, 'update_day': 24, 'transaction_id': 45, 'delivered': 1},
{'deliver_day': 24, 'order_id': 1000008, 'order_criation_day': 8, 'sending_day': 18, 'receiver': 0, 'sender': 1, 'product': 1001, 'quantity': 10308, 'transit_time': 16, 'lead_time': 16, 'theoretical_lead': 16, 'update_day': 24, 'transaction_id': 49, 'delivered': 1},
{'deliver_day': 24, 'order_id': 1000014, 'order_criation_day': 14, 'sending_day': 18, 'receiver': 0, 'sender': 1, 'product': 1001, 'quantity': 10089, 'transit_time': 10, 'lead_time': 10, 'theoretical_lead': 10, 'update_day': 24, 'transaction_id': 55, 'delivered': 1},
{'deliver_day': 21, 'order_id': 2000008, 'order_criation_day': 8, 'sending_day': 14, 'receiver': 1, 'sender': 2, 'product': 2001, 'quantity': 75349, 'transit_time': 13, 'lead_time': 16, 'theoretical_lead': 13, 'update_day': 24, 'transaction_id': 33, 'delivered': 1},
{'deliver_day': 15, 'order_id': 3000012, 'order_criation_day': 12, 'sending_day': 12, 'receiver': 2, 'sender': 3, 'product': 3001, 'quantity': 550781, 'transit_time': 3, 'lead_time': 12, 'theoretical_lead': 3, 'update_day': 24, 'transaction_id': 25, 'delivered': 1},
{'deliver_day': 25, 'order_id': 1000009, 'order_criation_day': 9, 'sending_day': 18, 'receiver': 0, 'sender': 1, 'product': 1001, 'quantity': 10276, 'transit_time': 16, 'lead_time': 16, 'theoretical_lead': 16, 'update_day': 25, 'transaction_id': 50, 'delivered': 1},
{'deliver_day': 25, 'order_id': 1000012, 'order_criation_day': 12, 'sending_day': 18, 'receiver': 0, 'sender': 1, 'product': 1001, 'quantity': 10093, 'transit_time': 13, 'lead_time': 13, 'theoretical_lead': 13, 'update_day': 25, 'transaction_id': 53, 'delivered': 1},
{'deliver_day': 25, 'order_id': 1000016, 'order_criation_day': 16, 'sending_day': 19, 'receiver': 0, 'sender': 1, 'product': 1001, 'quantity': 10027, 'transit_time': 9, 'lead_time': 9, 'theoretical_lead': 9, 'update_day': 25, 'transaction_id': 57, 'delivered': 1},
{'deliver_day': 25, 'order_id': 1000017, 'order_criation_day': 17, 'sending_day': 19, 'receiver': 0, 'sender': 1, 'product': 1001, 'quantity': 10008, 'transit_time': 8, 'lead_time': 8, 'theoretical_lead': 8, 'update_day': 25, 'transaction_id': 58, 'delivered': 1},
{'deliver_day': 25, 'order_id': 1000018, 'order_criation_day': 18, 'sending_day': 19, 'receiver': 0, 'sender': 1, 'product': 1001, 'quantity': 10019, 'transit_time': 7, 'lead_time': 7, 'theoretical_lead': 7, 'update_day': 25, 'transaction_id': 59, 'delivered': 1},
{'deliver_day': 25, 'order_id': 1000019, 'order_criation_day': 19, 'sending_day': 19, 'receiver': 0, 'sender': 1, 'product': 1001, 'quantity': 9976, 'transit_time': 6, 'lead_time': 6, 'theoretical_lead': 6, 'update_day': 25, 'transaction_id': 60, 'delivered': 1},
{'deliver_day': 19, 'order_id': 2000009, 'order_criation_day': 9, 'sending_day': 14, 'receiver': 1, 'sender': 2, 'product': 2001, 'quantity': 75348, 'transit_time': 10, 'lead_time': 16, 'theoretical_lead': 10, 'update_day': 25, 'transaction_id': 34, 'delivered': 1},
{'deliver_day': 26, 'order_id': 1000020, 'order_criation_day': 20, 'sending_day': 20, 'receiver': 0, 'sender': 1, 'product': 1001, 'quantity': 9848, 'transit_time': 6, 'lead_time': 6, 'theoretical_lead': 6, 'update_day': 26, 'transaction_id': 61, 'delivered': 1},
{'deliver_day': 26, 'order_id': 1000021, 'order_criation_day': 21, 'sending_day': 21, 'receiver': 0, 'sender': 1, 'product': 1001, 'quantity': 9791, 'transit_time': 5, 'lead_time': 5, 'theoretical_lead': 5, 'update_day': 26, 'transaction_id': 62, 'delivered': 1},
{'deliver_day': 20, 'order_id': 2000010, 'order_criation_day': 10, 'sending_day': 14, 'receiver': 1, 'sender': 2, 'product': 2001, 'quantity': 75304, 'transit_time': 10, 'lead_time': 16, 'theoretical_lead': 10, 'update_day': 26, 'transaction_id': 35, 'delivered': 1},
{'deliver_day': 27, 'order_id': 1000022, 'order_criation_day': 22, 'sending_day': 22, 'receiver': 0, 'sender': 1, 'product': 1001, 'quantity': 9710, 'transit_time': 5, 'lead_time': 5, 'theoretical_lead': 5, 'update_day': 27, 'transaction_id': 63, 'delivered': 1},
{'deliver_day': 20, 'order_id': 2000011, 'order_criation_day': 11, 'sending_day': 14, 'receiver': 1, 'sender': 2, 'product': 2001, 'quantity': 75188, 'transit_time': 9, 'lead_time': 16, 'theoretical_lead': 9, 'update_day': 27, 'transaction_id': 36, 'delivered': 1},
{'deliver_day': 20, 'order_id': 2000012, 'order_criation_day': 12, 'sending_day': 14, 'receiver': 1, 'sender': 2, 'product': 2001, 'quantity': 75086, 'transit_time': 8, 'lead_time': 16, 'theoretical_lead': 8, 'update_day': 28, 'transaction_id': 37, 'delivered': 1},
{'deliver_day': 29, 'order_id': 1000024, 'order_criation_day': 24, 'sending_day': 24, 'receiver': 0, 'sender': 1, 'product': 1001, 'quantity': 9748, 'transit_time': 5, 'lead_time': 5, 'theoretical_lead': 5, 'update_day': 29, 'transaction_id': 65, 'delivered': 1},
{'deliver_day': 19, 'order_id': 2000013, 'order_criation_day': 13, 'sending_day': 14, 'receiver': 1, 'sender': 2, 'product': 2001, 'quantity': 75013, 'transit_time': 6, 'lead_time': 16, 'theoretical_lead': 6, 'update_day': 29, 'transaction_id': 38, 'delivered': 1},
{'deliver_day': 30, 'order_id': 1000023, 'order_criation_day': 23, 'sending_day': 23, 'receiver': 0, 'sender': 1, 'product': 1001, 'quantity': 9717, 'transit_time': 7, 'lead_time': 7, 'theoretical_lead': 7, 'update_day': 30, 'transaction_id': 64, 'delivered': 1},
{'deliver_day': 20, 'order_id': 2000014, 'order_criation_day': 14, 'sending_day': 14, 'receiver': 1, 'sender': 2, 'product': 2001, 'quantity': 74940, 'transit_time': 6, 'lead_time': 16, 'theoretical_lead': 6, 'update_day': 30, 'transaction_id': 39, 'delivered': 1},
{'deliver_day': 31, 'order_id': 1000026, 'order_criation_day': 26, 'sending_day': 26, 'receiver': 0, 'sender': 1, 'product': 1001, 'quantity': 9767, 'transit_time': 5, 'lead_time': 5, 'theoretical_lead': 5, 'update_day': 31, 'transaction_id': 67, 'delivered': 1},
{'deliver_day': 21, 'order_id': 2000015, 'order_criation_day': 15, 'sending_day': 15, 'receiver': 1, 'sender': 2, 'product': 2001, 'quantity': 74875, 'transit_time': 6, 'lead_time': 16, 'theoretical_lead': 6, 'update_day': 31, 'transaction_id': 40, 'delivered': 1},
{'deliver_day': 32, 'order_id': 1000025, 'order_criation_day': 25, 'sending_day': 25, 'receiver': 0, 'sender': 1, 'product': 1001, 'quantity': 9835, 'transit_time': 7, 'lead_time': 7, 'theoretical_lead': 7, 'update_day': 32, 'transaction_id': 66, 'delivered': 1},
{'deliver_day': 21, 'order_id': 2000016, 'order_criation_day': 16, 'sending_day': 16, 'receiver': 1, 'sender': 2, 'product': 2001, 'quantity': 74795, 'transit_time': 5, 'lead_time': 16, 'theoretical_lead': 5, 'update_day': 32, 'transaction_id': 41, 'delivered': 1},
{'deliver_day': 33, 'order_id': 1000027, 'order_criation_day': 27, 'sending_day': 27, 'receiver': 0, 'sender': 1, 'product': 1001, 'quantity': 9903, 'transit_time': 6, 'lead_time': 6, 'theoretical_lead': 6, 'update_day': 33, 'transaction_id': 68, 'delivered': 1},
{'deliver_day': 35, 'order_id': 1000028, 'order_criation_day': 28, 'sending_day': 28, 'receiver': 0, 'sender': 1, 'product': 1001, 'quantity': 9934, 'transit_time': 7, 'lead_time': 7, 'theoretical_lead': 7, 'update_day': 35, 'transaction_id': 69, 'delivered': 1},
{'deliver_day': 35, 'order_id': 1000029, 'order_criation_day': 29, 'sending_day': 29, 'receiver': 0, 'sender': 1, 'product': 1001, 'quantity': 9868, 'transit_time': 6, 'lead_time': 6, 'theoretical_lead': 6, 'update_day': 35, 'transaction_id': 70, 'delivered': 1},
{'deliver_day': 35, 'order_id': 1000030, 'order_criation_day': 30, 'sending_day': 30, 'receiver': 0, 'sender': 1, 'product': 1001, 'quantity': 9801, 'transit_time': 5, 'lead_time': 5, 'theoretical_lead': 5, 'update_day': 35, 'transaction_id': 71, 'delivered': 1},
{'deliver_day': 38, 'order_id': 1000031, 'order_criation_day': 31, 'sending_day': 31, 'receiver': 0, 'sender': 1, 'product': 1001, 'quantity': 9867, 'transit_time': 7, 'lead_time': 7, 'theoretical_lead': 7, 'update_day': 38, 'transaction_id': 72, 'delivered': 1},
{'deliver_day': 38, 'order_id': 1000032, 'order_criation_day': 32, 'sending_day': 32, 'receiver': 0, 'sender': 1, 'product': 1001, 'quantity': 9778, 'transit_time': 6, 'lead_time': 6, 'theoretical_lead': 6, 'update_day': 38, 'transaction_id': 73, 'delivered': 1},
{'deliver_day': 38, 'order_id': 1000035, 'order_criation_day': 35, 'sending_day': 35, 'receiver': 0, 'sender': 1, 'product': 1001, 'quantity': 9857, 'transit_time': 3, 'lead_time': 3, 'theoretical_lead': 3, 'update_day': 38, 'transaction_id': 76, 'delivered': 1},
{'deliver_day': 39, 'order_id': 1000033, 'order_criation_day': 33, 'sending_day': 33, 'receiver': 0, 'sender': 1, 'product': 1001, 'quantity': 9804, 'transit_time': 6, 'lead_time': 6, 'theoretical_lead': 6, 'update_day': 39, 'transaction_id': 74, 'delivered': 1},
{'deliver_day': 41, 'order_id': 1000034, 'order_criation_day': 34, 'sending_day': 34, 'receiver': 0, 'sender': 1, 'product': 1001, 'quantity': 9919, 'transit_time': 7, 'lead_time': 7, 'theoretical_lead': 7, 'update_day': 41, 'transaction_id': 75, 'delivered': 1},
{'deliver_day': 43, 'order_id': 1000036, 'order_criation_day': 36, 'sending_day': 36, 'receiver': 0, 'sender': 1, 'product': 1001, 'quantity': 9857, 'transit_time': 7, 'lead_time': 7, 'theoretical_lead': 7, 'update_day': 43, 'transaction_id': 77, 'delivered': 1},
{'deliver_day': 43, 'order_id': 1000037, 'order_criation_day': 37, 'sending_day': 37, 'receiver': 0, 'sender': 1, 'product': 1001, 'quantity': 10022, 'transit_time': 6, 'lead_time': 6, 'theoretical_lead': 6, 'update_day': 43, 'transaction_id': 78, 'delivered': 1},
{'deliver_day': 43, 'order_id': 1000039, 'order_criation_day': 39, 'sending_day': 39, 'receiver': 0, 'sender': 1, 'product': 1001, 'quantity': 9898, 'transit_time': 4, 'lead_time': 4, 'theoretical_lead': 4, 'update_day': 43, 'transaction_id': 80, 'delivered': 1},
{'deliver_day': 45, 'order_id': 1000038, 'order_criation_day': 38, 'sending_day': 38, 'receiver': 0, 'sender': 1, 'product': 1001, 'quantity': 10068, 'transit_time': 7, 'lead_time': 7, 'theoretical_lead': 7, 'update_day': 45, 'transaction_id': 79, 'delivered': 1},
{'deliver_day': 45, 'order_id': 1000040, 'order_criation_day': 40, 'sending_day': 40, 'receiver': 0, 'sender': 1, 'product': 1001, 'quantity': 9813, 'transit_time': 5, 'lead_time': 5, 'theoretical_lead': 5, 'update_day': 45, 'transaction_id': 81, 'delivered': 1},
{'deliver_day': 46, 'order_id': 1000041, 'order_criation_day': 41, 'sending_day': 41, 'receiver': 0, 'sender': 1, 'product': 1001, 'quantity': 9639, 'transit_time': 5, 'lead_time': 5, 'theoretical_lead': 5, 'update_day': 46, 'transaction_id': 82, 'delivered': 1},
{'deliver_day': 47, 'order_id': 1000042, 'order_criation_day': 42, 'sending_day': 42, 'receiver': 0, 'sender': 1, 'product': 1001, 'quantity': 9714, 'transit_time': 5, 'lead_time': 5, 'theoretical_lead': 5, 'update_day': 47, 'transaction_id': 83, 'delivered': 1},
{'deliver_day': 50, 'order_id': 1000043, 'order_criation_day': 43, 'sending_day': 43, 'receiver': 0, 'sender': 1, 'product': 1001, 'quantity': 9667, 'transit_time': 7, 'lead_time': 7, 'theoretical_lead': 7, 'update_day': 50, 'transaction_id': 84, 'delivered': 1},
{'deliver_day': 51, 'order_id': 1000045, 'order_criation_day': 45, 'sending_day': 45, 'receiver': 0, 'sender': 1, 'product': 1001, 'quantity': 9659, 'transit_time': 6, 'lead_time': 6, 'theoretical_lead': 6, 'update_day': 51, 'transaction_id': 86, 'delivered': 1},
{'deliver_day': 52, 'order_id': 1000044, 'order_criation_day': 44, 'sending_day': 44, 'receiver': 0, 'sender': 1, 'product': 1001, 'quantity': 9725, 'transit_time': 8, 'lead_time': 8, 'theoretical_lead': 8, 'update_day': 52, 'transaction_id': 85, 'delivered': 1},
{'deliver_day': 52, 'order_id': 1000046, 'order_criation_day': 46, 'sending_day': 46, 'receiver': 0, 'sender': 1, 'product': 1001, 'quantity': 9640, 'transit_time': 6, 'lead_time': 6, 'theoretical_lead': 6, 'update_day': 52, 'transaction_id': 87, 'delivered': 1},
{'deliver_day': 52, 'order_id': 1000048, 'order_criation_day': 48, 'sending_day': 48, 'receiver': 0, 'sender': 1, 'product': 1001, 'quantity': 9543, 'transit_time': 4, 'lead_time': 4, 'theoretical_lead': 4, 'update_day': 52, 'transaction_id': 89, 'delivered': 1},
{'deliver_day': 53, 'order_id': 1000047, 'order_criation_day': 47, 'sending_day': 47, 'receiver': 0, 'sender': 1, 'product': 1001, 'quantity': 9593, 'transit_time': 6, 'lead_time': 6, 'theoretical_lead': 6, 'update_day': 53, 'transaction_id': 88, 'delivered': 1},
{'deliver_day': 55, 'order_id': 1000050, 'order_criation_day': 50, 'sending_day': 50, 'receiver': 0, 'sender': 1, 'product': 1001, 'quantity': 9613, 'transit_time': 5, 'lead_time': 5, 'theoretical_lead': 5, 'update_day': 55, 'transaction_id': 91, 'delivered': 1},
{'deliver_day': 56, 'order_id': 1000049, 'order_criation_day': 49, 'sending_day': 49, 'receiver': 0, 'sender': 1, 'product': 1001, 'quantity': 9616, 'transit_time': 7, 'lead_time': 7, 'theoretical_lead': 7, 'update_day': 56, 'transaction_id': 90, 'delivered': 1},
{'deliver_day': 56, 'order_id': 1000051, 'order_criation_day': 51, 'sending_day': 51, 'receiver': 0, 'sender': 1, 'product': 1001, 'quantity': 9716, 'transit_time': 5, 'lead_time': 5, 'theoretical_lead': 5, 'update_day': 56, 'transaction_id': 92, 'delivered': 1},
{'deliver_day': 58, 'order_id': 1000052, 'order_criation_day': 52, 'sending_day': 52, 'receiver': 0, 'sender': 1, 'product': 1001, 'quantity': 9620, 'transit_time': 6, 'lead_time': 6, 'theoretical_lead': 6, 'update_day': 58, 'transaction_id': 93, 'delivered': 1},
{'deliver_day': 59, 'order_id': 1000053, 'order_criation_day': 53, 'sending_day': 53, 'receiver': 0, 'sender': 1, 'product': 1001, 'quantity': 9647, 'transit_time': 6, 'lead_time': 6, 'theoretical_lead': 6, 'update_day': 59, 'transaction_id': 94, 'delivered': 1},
{'deliver_day': 59, 'order_id': 1000054, 'order_criation_day': 54, 'sending_day': 54, 'receiver': 0, 'sender': 1, 'product': 1001, 'quantity': 9663, 'transit_time': 5, 'lead_time': 5, 'theoretical_lead': 5, 'update_day': 59, 'transaction_id': 95, 'delivered': 1},
{'deliver_day': 60, 'order_id': 1000056, 'order_criation_day': 56, 'sending_day': 56, 'receiver': 0, 'sender': 1, 'product': 1001, 'quantity': 9715, 'transit_time': 4, 'lead_time': 4, 'theoretical_lead': 4, 'update_day': 60, 'transaction_id': 97, 'delivered': 1},
{'deliver_day': 61, 'order_id': 1000055, 'order_criation_day': 55, 'sending_day': 55, 'receiver': 0, 'sender': 1, 'product': 1001, 'quantity': 9672, 'transit_time': 6, 'lead_time': 6, 'theoretical_lead': 6, 'update_day': 61, 'transaction_id': 96, 'delivered': 1},
{'deliver_day': 62, 'order_id': 1000058, 'order_criation_day': 58, 'sending_day': 58, 'receiver': 0, 'sender': 1, 'product': 1001, 'quantity': 9603, 'transit_time': 4, 'lead_time': 4, 'theoretical_lead': 4, 'update_day': 62, 'transaction_id': 99, 'delivered': 1},
{'deliver_day': 64, 'order_id': 1000057, 'order_criation_day': 57, 'sending_day': 57, 'receiver': 0, 'sender': 1, 'product': 1001, 'quantity': 9701, 'transit_time': 7, 'lead_time': 7, 'theoretical_lead': 7, 'update_day': 64, 'transaction_id': 98, 'delivered': 1},
{'deliver_day': 65, 'order_id': 1000059, 'order_criation_day': 59, 'sending_day': 59, 'receiver': 0, 'sender': 1, 'product': 1001, 'quantity': 9656, 'transit_time': 6, 'lead_time': 6, 'theoretical_lead': 6, 'update_day': 65, 'transaction_id': 100, 'delivered': 1},
{'deliver_day': 65, 'order_id': 1000060, 'order_criation_day': 60, 'sending_day': 60, 'receiver': 0, 'sender': 1, 'product': 1001, 'quantity': 9715, 'transit_time': 5, 'lead_time': 5, 'theoretical_lead': 5, 'update_day': 65, 'transaction_id': 101, 'delivered': 1},
{'deliver_day': 67, 'order_id': 1000061, 'order_criation_day': 61, 'sending_day': 61, 'receiver': 0, 'sender': 1, 'product': 1001, 'quantity': 9712, 'transit_time': 6, 'lead_time': 6, 'theoretical_lead': 6, 'update_day': 67, 'transaction_id': 102, 'delivered': 1},
{'deliver_day': 67, 'order_id': 1000062, 'order_criation_day': 62, 'sending_day': 62, 'receiver': 0, 'sender': 1, 'product': 1001, 'quantity': 9647, 'transit_time': 5, 'lead_time': 5, 'theoretical_lead': 5, 'update_day': 67, 'transaction_id': 103, 'delivered': 1},
{'deliver_day': 69, 'order_id': 1000064, 'order_criation_day': 64, 'sending_day': 64, 'receiver': 0, 'sender': 1, 'product': 1001, 'quantity': 9555, 'transit_time': 5, 'lead_time': 5, 'theoretical_lead': 5, 'update_day': 69, 'transaction_id': 105, 'delivered': 1},
{'deliver_day': 70, 'order_id': 1000063, 'order_criation_day': 63, 'sending_day': 63, 'receiver': 0, 'sender': 1, 'product': 1001, 'quantity': 9568, 'transit_time': 7, 'lead_time': 7, 'theoretical_lead': 7, 'update_day': 70, 'transaction_id': 104, 'delivered': 1},
{'deliver_day': 71, 'order_id': 1000065, 'order_criation_day': 65, 'sending_day': 65, 'receiver': 0, 'sender': 1, 'product': 1001, 'quantity': 9553, 'transit_time': 6, 'lead_time': 6, 'theoretical_lead': 6, 'update_day': 71, 'transaction_id': 106, 'delivered': 1},
{'deliver_day': 71, 'order_id': 1000066, 'order_criation_day': 66, 'sending_day': 66, 'receiver': 0, 'sender': 1, 'product': 1001, 'quantity': 9564, 'transit_time': 5, 'lead_time': 5, 'theoretical_lead': 5, 'update_day': 71, 'transaction_id': 107, 'delivered': 1},
{'deliver_day': 73, 'order_id': 1000067, 'order_criation_day': 67, 'sending_day': 67, 'receiver': 0, 'sender': 1, 'product': 1001, 'quantity': 9538, 'transit_time': 6, 'lead_time': 6, 'theoretical_lead': 6, 'update_day': 73, 'transaction_id': 108, 'delivered': 1},
{'deliver_day': 75, 'order_id': 1000068, 'order_criation_day': 68, 'sending_day': 68, 'receiver': 0, 'sender': 1, 'product': 1001, 'quantity': 9673, 'transit_time': 7, 'lead_time': 7, 'theoretical_lead': 7, 'update_day': 75, 'transaction_id': 109, 'delivered': 1},
{'deliver_day': 75, 'order_id': 1000070, 'order_criation_day': 70, 'sending_day': 70, 'receiver': 0, 'sender': 1, 'product': 1001, 'quantity': 9564, 'transit_time': 5, 'lead_time': 5, 'theoretical_lead': 5, 'update_day': 75, 'transaction_id': 111, 'delivered': 1},
{'deliver_day': 76, 'order_id': 1000069, 'order_criation_day': 69, 'sending_day': 69, 'receiver': 0, 'sender': 1, 'product': 1001, 'quantity': 9625, 'transit_time': 7, 'lead_time': 7, 'theoretical_lead': 7, 'update_day': 76, 'transaction_id': 110, 'delivered': 1},
{'deliver_day': 76, 'order_id': 1000072, 'order_criation_day': 72, 'sending_day': 72, 'receiver': 0, 'sender': 1, 'product': 1001, 'quantity': 9594, 'transit_time': 4, 'lead_time': 4, 'theoretical_lead': 4, 'update_day': 76, 'transaction_id': 113, 'delivered': 1},
{'deliver_day': 77, 'order_id': 1000071, 'order_criation_day': 71, 'sending_day': 71, 'receiver': 0, 'sender': 1, 'product': 1001, 'quantity': 9590, 'transit_time': 6, 'lead_time': 6, 'theoretical_lead': 6, 'update_day': 77, 'transaction_id': 112, 'delivered': 1},
{'deliver_day': 77, 'order_id': 1000073, 'order_criation_day': 73, 'sending_day': 73, 'receiver': 0, 'sender': 1, 'product': 1001, 'quantity': 9576, 'transit_time': 4, 'lead_time': 4, 'theoretical_lead': 4, 'update_day': 77, 'transaction_id': 114, 'delivered': 1},
{'deliver_day': 80, 'order_id': 1000074, 'order_criation_day': 74, 'sending_day': 74, 'receiver': 0, 'sender': 1, 'product': 1001, 'quantity': 9537, 'transit_time': 6, 'lead_time': 6, 'theoretical_lead': 6, 'update_day': 80, 'transaction_id': 115, 'delivered': 1},
{'deliver_day': 80, 'order_id': 1000075, 'order_criation_day': 75, 'sending_day': 75, 'receiver': 0, 'sender': 1, 'product': 1001, 'quantity': 9540, 'transit_time': 5, 'lead_time': 5, 'theoretical_lead': 5, 'update_day': 80, 'transaction_id': 116, 'delivered': 1},
{'deliver_day': 82, 'order_id': 1000076, 'order_criation_day': 76, 'sending_day': 76, 'receiver': 0, 'sender': 1, 'product': 1001, 'quantity': 9573, 'transit_time': 6, 'lead_time': 6, 'theoretical_lead': 6, 'update_day': 82, 'transaction_id': 117, 'delivered': 1},
{'deliver_day': 83, 'order_id': 1000077, 'order_criation_day': 77, 'sending_day': 77, 'receiver': 0, 'sender': 1, 'product': 1001, 'quantity': 9497, 'transit_time': 6, 'lead_time': 6, 'theoretical_lead': 6, 'update_day': 83, 'transaction_id': 118, 'delivered': 1},
{'deliver_day': 83, 'order_id': 1000078, 'order_criation_day': 78, 'sending_day': 78, 'receiver': 0, 'sender': 1, 'product': 1001, 'quantity': 9461, 'transit_time': 5, 'lead_time': 5, 'theoretical_lead': 5, 'update_day': 83, 'transaction_id': 119, 'delivered': 1},
{'deliver_day': 84, 'order_id': 1000080, 'order_criation_day': 80, 'sending_day': 80, 'receiver': 0, 'sender': 1, 'product': 1001, 'quantity': 9376, 'transit_time': 4, 'lead_time': 4, 'theoretical_lead': 4, 'update_day': 84, 'transaction_id': 121, 'delivered': 1},
{'deliver_day': 86, 'order_id': 1000079, 'order_criation_day': 79, 'sending_day': 79, 'receiver': 0, 'sender': 1, 'product': 1001, 'quantity': 9376, 'transit_time': 7, 'lead_time': 7, 'theoretical_lead': 7, 'update_day': 86, 'transaction_id': 120, 'delivered': 1},
{'deliver_day': 87, 'order_id': 1000081, 'order_criation_day': 81, 'sending_day': 81, 'receiver': 0, 'sender': 1, 'product': 1001, 'quantity': 9376, 'transit_time': 6, 'lead_time': 6, 'theoretical_lead': 6, 'update_day': 87, 'transaction_id': 122, 'delivered': 1},
{'deliver_day': 87, 'order_id': 1000082, 'order_criation_day': 82, 'sending_day': 82, 'receiver': 0, 'sender': 1, 'product': 1001, 'quantity': 9302, 'transit_time': 5, 'lead_time': 5, 'theoretical_lead': 5, 'update_day': 87, 'transaction_id': 123, 'delivered': 1},
{'deliver_day': 89, 'order_id': 1000086, 'order_criation_day': 86, 'sending_day': 86, 'receiver': 0, 'sender': 1, 'product': 1001, 'quantity': 9085, 'transit_time': 3, 'lead_time': 3, 'theoretical_lead': 3, 'update_day': 89, 'transaction_id': 127, 'delivered': 1},
{'deliver_day': 90, 'order_id': 1000083, 'order_criation_day': 83, 'sending_day': 83, 'receiver': 0, 'sender': 1, 'product': 1001, 'quantity': 9193, 'transit_time': 7, 'lead_time': 7, 'theoretical_lead': 7, 'update_day': 90, 'transaction_id': 124, 'delivered': 1},
{'deliver_day': 90, 'order_id': 1000084, 'order_criation_day': 84, 'sending_day': 84, 'receiver': 0, 'sender': 1, 'product': 1001, 'quantity': 9163, 'transit_time': 6, 'lead_time': 6, 'theoretical_lead': 6, 'update_day': 90, 'transaction_id': 125, 'delivered': 1},
{'deliver_day': 90, 'order_id': 1000085, 'order_criation_day': 85, 'sending_day': 85, 'receiver': 0, 'sender': 1, 'product': 1001, 'quantity': 9085, 'transit_time': 5, 'lead_time': 5, 'theoretical_lead': 5, 'update_day': 90, 'transaction_id': 126, 'delivered': 1},
{'deliver_day': 92, 'order_id': 1000087, 'order_criation_day': 87, 'sending_day': 87, 'receiver': 0, 'sender': 1, 'product': 1001, 'quantity': 9116, 'transit_time': 5, 'lead_time': 5, 'theoretical_lead': 5, 'update_day': 92, 'transaction_id': 128, 'delivered': 1},
{'deliver_day': 93, 'order_id': 1000088, 'order_criation_day': 88, 'sending_day': 88, 'receiver': 0, 'sender': 1, 'product': 1001, 'quantity': 8913, 'transit_time': 5, 'lead_time': 5, 'theoretical_lead': 5, 'update_day': 93, 'transaction_id': 129, 'delivered': 1},
{'deliver_day': 96, 'order_id': 1000089, 'order_criation_day': 89, 'sending_day': 89, 'receiver': 0, 'sender': 1, 'product': 1001, 'quantity': 8947, 'transit_time': 7, 'lead_time': 7, 'theoretical_lead': 7, 'update_day': 96, 'transaction_id': 130, 'delivered': 1},
{'deliver_day': 96, 'order_id': 1000090, 'order_criation_day': 90, 'sending_day': 90, 'receiver': 0, 'sender': 1, 'product': 1001, 'quantity': 8984, 'transit_time': 6, 'lead_time': 6, 'theoretical_lead': 6, 'update_day': 96, 'transaction_id': 131, 'delivered': 1},
{'deliver_day': 96, 'order_id': 1000091, 'order_criation_day': 91, 'sending_day': 91, 'receiver': 0, 'sender': 1, 'product': 1001, 'quantity': 8952, 'transit_time': 5, 'lead_time': 5, 'theoretical_lead': 5, 'update_day': 96, 'transaction_id': 132, 'delivered': 1},
{'deliver_day': 97, 'order_id': 1000092, 'order_criation_day': 92, 'sending_day': 92, 'receiver': 0, 'sender': 1, 'product': 1001, 'quantity': 8978, 'transit_time': 5, 'lead_time': 5, 'theoretical_lead': 5, 'update_day': 97, 'transaction_id': 133, 'delivered': 1},
{'deliver_day': 99, 'order_id': 1000093, 'order_criation_day': 93, 'sending_day': 93, 'receiver': 0, 'sender': 1, 'product': 1001, 'quantity': 9107, 'transit_time': 6, 'lead_time': 6, 'theoretical_lead': 6, 'update_day': 99, 'transaction_id': 134, 'delivered': 1},
{'deliver_day': 100, 'order_id': 1000094, 'order_criation_day': 94, 'sending_day': 94, 'receiver': 0, 'sender': 1, 'product': 1001, 'quantity': 9079, 'transit_time': 6, 'lead_time': 6, 'theoretical_lead': 6, 'update_day': 100, 'transaction_id': 135, 'delivered': 1},
{'deliver_day': 101, 'order_id': 1000096, 'order_criation_day': 96, 'sending_day': 96, 'receiver': 0, 'sender': 1, 'product': 1001, 'quantity': 9147, 'transit_time': 5, 'lead_time': 5, 'theoretical_lead': 5, 'update_day': 101, 'transaction_id': 137, 'delivered': 1},
{'deliver_day': 102, 'order_id': 1000097, 'order_criation_day': 97, 'sending_day': 97, 'receiver': 0, 'sender': 1, 'product': 1001, 'quantity': 9065, 'transit_time': 5, 'lead_time': 5, 'theoretical_lead': 5, 'update_day': 102, 'transaction_id': 138, 'delivered': 1},
{'deliver_day': 103, 'order_id': 1000095, 'order_criation_day': 95, 'sending_day': 95, 'receiver': 0, 'sender': 1, 'product': 1001, 'quantity': 9029, 'transit_time': 8, 'lead_time': 8, 'theoretical_lead': 8, 'update_day': 103, 'transaction_id': 136, 'delivered': 1},
{'deliver_day': 103, 'order_id': 1000099, 'order_criation_day': 99, 'sending_day': 99, 'receiver': 0, 'sender': 1, 'product': 1001, 'quantity': 8942, 'transit_time': 4, 'lead_time': 4, 'theoretical_lead': 4, 'update_day': 103, 'transaction_id': 140, 'delivered': 1},
{'deliver_day': 104, 'order_id': 1000098, 'order_criation_day': 98, 'sending_day': 98, 'receiver': 0, 'sender': 1, 'product': 1001, 'quantity': 8922, 'transit_time': 6, 'lead_time': 6, 'theoretical_lead': 6, 'update_day': 104, 'transaction_id': 139, 'delivered': 1},
{'deliver_day': 105, 'order_id': 1000100, 'order_criation_day': 100, 'sending_day': 100, 'receiver': 0, 'sender': 1, 'product': 1001, 'quantity': 8875, 'transit_time': 5, 'lead_time': 5, 'theoretical_lead': 5, 'update_day': 105, 'transaction_id': 141, 'delivered': 1},
{'deliver_day': 106, 'order_id': 1000102, 'order_criation_day': 102, 'sending_day': 102, 'receiver': 0, 'sender': 1, 'product': 1001, 'quantity': 9111, 'transit_time': 4, 'lead_time': 4, 'theoretical_lead': 4, 'update_day': 106, 'transaction_id': 143, 'delivered': 1},
{'deliver_day': 107, 'order_id': 1000101, 'order_criation_day': 101, 'sending_day': 101, 'receiver': 0, 'sender': 1, 'product': 1001, 'quantity': 9000, 'transit_time': 6, 'lead_time': 6, 'theoretical_lead': 6, 'update_day': 107, 'transaction_id': 142, 'delivered': 1},
{'deliver_day': 108, 'order_id': 1000103, 'order_criation_day': 103, 'sending_day': 103, 'receiver': 0, 'sender': 1, 'product': 1001, 'quantity': 9098, 'transit_time': 5, 'lead_time': 5, 'theoretical_lead': 5, 'update_day': 108, 'transaction_id': 144, 'delivered': 1},
{'deliver_day': 109, 'order_id': 1000105, 'order_criation_day': 105, 'sending_day': 105, 'receiver': 0, 'sender': 1, 'product': 1001, 'quantity': 9143, 'transit_time': 4, 'lead_time': 4, 'theoretical_lead': 4, 'update_day': 109, 'transaction_id': 146, 'delivered': 1},
{'deliver_day': 110, 'order_id': 1000104, 'order_criation_day': 104, 'sending_day': 104, 'receiver': 0, 'sender': 1, 'product': 1001, 'quantity': 8981, 'transit_time': 6, 'lead_time': 6, 'theoretical_lead': 6, 'update_day': 110, 'transaction_id': 145, 'delivered': 1},
{'deliver_day': 112, 'order_id': 1000106, 'order_criation_day': 106, 'sending_day': 106, 'receiver': 0, 'sender': 1, 'product': 1001, 'quantity': 9262, 'transit_time': 6, 'lead_time': 6, 'theoretical_lead': 6, 'update_day': 112, 'transaction_id': 147, 'delivered': 1},
{'deliver_day': 113, 'order_id': 1000107, 'order_criation_day': 107, 'sending_day': 107, 'receiver': 0, 'sender': 1, 'product': 1001, 'quantity': 9359, 'transit_time': 6, 'lead_time': 6, 'theoretical_lead': 6, 'update_day': 113, 'transaction_id': 148, 'delivered': 1},
{'deliver_day': 113, 'order_id': 1000109, 'order_criation_day': 109, 'sending_day': 109, 'receiver': 0, 'sender': 1, 'product': 1001, 'quantity': 9330, 'transit_time': 4, 'lead_time': 4, 'theoretical_lead': 4, 'update_day': 113, 'transaction_id': 150, 'delivered': 1},
{'deliver_day': 114, 'order_id': 1000108, 'order_criation_day': 108, 'sending_day': 108, 'receiver': 0, 'sender': 1, 'product': 1001, 'quantity': 9303, 'transit_time': 6, 'lead_time': 6, 'theoretical_lead': 6, 'update_day': 114, 'transaction_id': 149, 'delivered': 1},
{'deliver_day': 115, 'order_id': 1000110, 'order_criation_day': 110, 'sending_day': 110, 'receiver': 0, 'sender': 1, 'product': 1001, 'quantity': 9355, 'transit_time': 5, 'lead_time': 5, 'theoretical_lead': 5, 'update_day': 115, 'transaction_id': 151, 'delivered': 1},
{'deliver_day': 116, 'order_id': 1000112, 'order_criation_day': 112, 'sending_day': 112, 'receiver': 0, 'sender': 1, 'product': 1001, 'quantity': 9485, 'transit_time': 4, 'lead_time': 4, 'theoretical_lead': 4, 'update_day': 116, 'transaction_id': 153, 'delivered': 1},
{'deliver_day': 118, 'order_id': 1000114, 'order_criation_day': 114, 'sending_day': 114, 'receiver': 0, 'sender': 1, 'product': 1001, 'quantity': 9668, 'transit_time': 4, 'lead_time': 4, 'theoretical_lead': 4, 'update_day': 118, 'transaction_id': 155, 'delivered': 1},
{'deliver_day': 119, 'order_id': 1000111, 'order_criation_day': 111, 'sending_day': 111, 'receiver': 0, 'sender': 1, 'product': 1001, 'quantity': 9433, 'transit_time': 8, 'lead_time': 8, 'theoretical_lead': 8, 'update_day': 119, 'transaction_id': 152, 'delivered': 1},
{'deliver_day': 119, 'order_id': 1000113, 'order_criation_day': 113, 'sending_day': 113, 'receiver': 0, 'sender': 1, 'product': 1001, 'quantity': 9554, 'transit_time': 6, 'lead_time': 6, 'theoretical_lead': 6, 'update_day': 119, 'transaction_id': 154, 'delivered': 1},
{'deliver_day': 119, 'order_id': 1000116, 'order_criation_day': 116, 'sending_day': 116, 'receiver': 0, 'sender': 1, 'product': 1001, 'quantity': 9527, 'transit_time': 3, 'lead_time': 3, 'theoretical_lead': 3, 'update_day': 119, 'transaction_id': 157, 'delivered': 1},
{'deliver_day': 121, 'order_id': 1000115, 'order_criation_day': 115, 'sending_day': 115, 'receiver': 0, 'sender': 1, 'product': 1001, 'quantity': 9490, 'transit_time': 6, 'lead_time': 6, 'theoretical_lead': 6, 'update_day': 121, 'transaction_id': 156, 'delivered': 1},
{'deliver_day': 122, 'order_id': 1000117, 'order_criation_day': 117, 'sending_day': 117, 'receiver': 0, 'sender': 1, 'product': 1001, 'quantity': 9583, 'transit_time': 5, 'lead_time': 5, 'theoretical_lead': 5, 'update_day': 122, 'transaction_id': 158, 'delivered': 1},
{'deliver_day': 123, 'order_id': 1000118, 'order_criation_day': 118, 'sending_day': 118, 'receiver': 0, 'sender': 1, 'product': 1001, 'quantity': 9636, 'transit_time': 5, 'lead_time': 5, 'theoretical_lead': 5, 'update_day': 123, 'transaction_id': 159, 'delivered': 1},
{'deliver_day': 125, 'order_id': 1000119, 'order_criation_day': 119, 'sending_day': 119, 'receiver': 0, 'sender': 1, 'product': 1001, 'quantity': 9524, 'transit_time': 6, 'lead_time': 6, 'theoretical_lead': 6, 'update_day': 125, 'transaction_id': 160, 'delivered': 1},
{'deliver_day': 125, 'order_id': 1000120, 'order_criation_day': 120, 'sending_day': 120, 'receiver': 0, 'sender': 1, 'product': 1001, 'quantity': 9565, 'transit_time': 5, 'lead_time': 5, 'theoretical_lead': 5, 'update_day': 125, 'transaction_id': 161, 'delivered': 1},
{'deliver_day': 126, 'order_id': 1000122, 'order_criation_day': 122, 'sending_day': 122, 'receiver': 0, 'sender': 1, 'product': 1001, 'quantity': 9538, 'transit_time': 4, 'lead_time': 4, 'theoretical_lead': 4, 'update_day': 126, 'transaction_id': 163, 'delivered': 1},
{'deliver_day': 127, 'order_id': 1000121, 'order_criation_day': 121, 'sending_day': 121, 'receiver': 0, 'sender': 1, 'product': 1001, 'quantity': 9640, 'transit_time': 6, 'lead_time': 6, 'theoretical_lead': 6, 'update_day': 127, 'transaction_id': 162, 'delivered': 1},
{'deliver_day': 130, 'order_id': 1000123, 'order_criation_day': 123, 'sending_day': 123, 'receiver': 0, 'sender': 1, 'product': 1001, 'quantity': 9470, 'transit_time': 7, 'lead_time': 7, 'theoretical_lead': 7, 'update_day': 130, 'transaction_id': 164, 'delivered': 1},
{'deliver_day': 130, 'order_id': 1000124, 'order_criation_day': 124, 'sending_day': 124, 'receiver': 0, 'sender': 1, 'product': 1001, 'quantity': 9405, 'transit_time': 6, 'lead_time': 6, 'theoretical_lead': 6, 'update_day': 130, 'transaction_id': 165, 'delivered': 1},
{'deliver_day': 130, 'order_id': 1000125, 'order_criation_day': 125, 'sending_day': 125, 'receiver': 0, 'sender': 1, 'product': 1001, 'quantity': 9413, 'transit_time': 5, 'lead_time': 5, 'theoretical_lead': 5, 'update_day': 130, 'transaction_id': 166, 'delivered': 1},
{'deliver_day': 132, 'order_id': 2000017, 'order_criation_day': 125, 'sending_day': 125, 'receiver': 1, 'sender': 2, 'product': 2001, 'quantity': 181242, 'transit_time': 7, 'lead_time': 7, 'theoretical_lead': 7, 'update_day': 132, 'transaction_id': 167, 'delivered': 1},
{'deliver_day': 132, 'order_id': 2000018, 'order_criation_day': 126, 'sending_day': 126, 'receiver': 1, 'sender': 2, 'product': 2001, 'quantity': 181436, 'transit_time': 6, 'lead_time': 7, 'theoretical_lead': 6, 'update_day': 133, 'transaction_id': 168, 'delivered': 1},
{'deliver_day': 134, 'order_id': 2000019, 'order_criation_day': 127, 'sending_day': 127, 'receiver': 1, 'sender': 2, 'product': 2001, 'quantity': 181591, 'transit_time': 7, 'lead_time': 7, 'theoretical_lead': 7, 'update_day': 134, 'transaction_id': 169, 'delivered': 1},
{'deliver_day': 133, 'order_id': 2000020, 'order_criation_day': 128, 'sending_day': 128, 'receiver': 1, 'sender': 2, 'product': 2001, 'quantity': 181804, 'transit_time': 5, 'lead_time': 7, 'theoretical_lead': 5, 'update_day': 135, 'transaction_id': 170, 'delivered': 1},
{'deliver_day': 136, 'order_id': 1000129, 'order_criation_day': 129, 'sending_day': 132, 'receiver': 0, 'sender': 1, 'product': 1001, 'quantity': 9504, 'transit_time': 7, 'lead_time': 7, 'theoretical_lead': 7, 'update_day': 136, 'transaction_id': 177, 'delivered': 1},
{'deliver_day': 135, 'order_id': 2000021, 'order_criation_day': 129, 'sending_day': 129, 'receiver': 1, 'sender': 2, 'product': 2001, 'quantity': 182171, 'transit_time': 6, 'lead_time': 7, 'theoretical_lead': 6, 'update_day': 136, 'transaction_id': 171, 'delivered': 1},
{'deliver_day': 137, 'order_id': 1000126, 'order_criation_day': 126, 'sending_day': 132, 'receiver': 0, 'sender': 1, 'product': 1001, 'quantity': 9327, 'transit_time': 11, 'lead_time': 11, 'theoretical_lead': 11, 'update_day': 137, 'transaction_id': 174, 'delivered': 1},
{'deliver_day': 137, 'order_id': 1000128, 'order_criation_day': 128, 'sending_day': 132, 'receiver': 0, 'sender': 1, 'product': 1001, 'quantity': 9415, 'transit_time': 9, 'lead_time': 9, 'theoretical_lead': 9, 'update_day': 137, 'transaction_id': 176, 'delivered': 1},
{'deliver_day': 137, 'order_id': 1000132, 'order_criation_day': 132, 'sending_day': 132, 'receiver': 0, 'sender': 1, 'product': 1001, 'quantity': 9487, 'transit_time': 5, 'lead_time': 5, 'theoretical_lead': 5, 'update_day': 137, 'transaction_id': 180, 'delivered': 1},
{'deliver_day': 136, 'order_id': 2000022, 'order_criation_day': 130, 'sending_day': 130, 'receiver': 1, 'sender': 2, 'product': 2001, 'quantity': 182558, 'transit_time': 6, 'lead_time': 7, 'theoretical_lead': 6, 'update_day': 137, 'transaction_id': 172, 'delivered': 1},
{'deliver_day': 138, 'order_id': 1000127, 'order_criation_day': 127, 'sending_day': 132, 'receiver': 0, 'sender': 1, 'product': 1001, 'quantity': 9401, 'transit_time': 11, 'lead_time': 11, 'theoretical_lead': 11, 'update_day': 138, 'transaction_id': 175, 'delivered': 1},
{'deliver_day': 138, 'order_id': 1000133, 'order_criation_day': 133, 'sending_day': 133, 'receiver': 0, 'sender': 1, 'product': 1001, 'quantity': 9537, 'transit_time': 5, 'lead_time': 5, 'theoretical_lead': 5, 'update_day': 138, 'transaction_id': 181, 'delivered': 1},
{'deliver_day': 138, 'order_id': 1000134, 'order_criation_day': 134, 'sending_day': 134, 'receiver': 0, 'sender': 1, 'product': 1001, 'quantity': 9542, 'transit_time': 4, 'lead_time': 4, 'theoretical_lead': 4, 'update_day': 138, 'transaction_id': 182, 'delivered': 1},
{'deliver_day': 136, 'order_id': 2000023, 'order_criation_day': 131, 'sending_day': 131, 'receiver': 1, 'sender': 2, 'product': 2001, 'quantity': 182944, 'transit_time': 5, 'lead_time': 7, 'theoretical_lead': 5, 'update_day': 138, 'transaction_id': 173, 'delivered': 1},
{'deliver_day': 139, 'order_id': 1000130, 'order_criation_day': 130, 'sending_day': 132, 'receiver': 0, 'sender': 1, 'product': 1001, 'quantity': 9556, 'transit_time': 9, 'lead_time': 9, 'theoretical_lead': 9, 'update_day': 139, 'transaction_id': 178, 'delivered': 1},
{'deliver_day': 139, 'order_id': 1000131, 'order_criation_day': 131, 'sending_day': 132, 'receiver': 0, 'sender': 1, 'product': 1001, 'quantity': 9493, 'transit_time': 8, 'lead_time': 8, 'theoretical_lead': 8, 'update_day': 139, 'transaction_id': 179, 'delivered': 1},
{'deliver_day': 141, 'order_id': 1000135, 'order_criation_day': 135, 'sending_day': 135, 'receiver': 0, 'sender': 1, 'product': 1001, 'quantity': 9483, 'transit_time': 6, 'lead_time': 6, 'theoretical_lead': 6, 'update_day': 141, 'transaction_id': 183, 'delivered': 1},
{'deliver_day': 143, 'order_id': 1000136, 'order_criation_day': 136, 'sending_day': 136, 'receiver': 0, 'sender': 1, 'product': 1001, 'quantity': 9523, 'transit_time': 7, 'lead_time': 7, 'theoretical_lead': 7, 'update_day': 143, 'transaction_id': 184, 'delivered': 1},
{'deliver_day': 144, 'order_id': 1000137, 'order_criation_day': 137, 'sending_day': 137, 'receiver': 0, 'sender': 1, 'product': 1001, 'quantity': 9527, 'transit_time': 7, 'lead_time': 7, 'theoretical_lead': 7, 'update_day': 144, 'transaction_id': 185, 'delivered': 1},
{'deliver_day': 144, 'order_id': 1000138, 'order_criation_day': 138, 'sending_day': 138, 'receiver': 0, 'sender': 1, 'product': 1001, 'quantity': 9499, 'transit_time': 6, 'lead_time': 6, 'theoretical_lead': 6, 'update_day': 144, 'transaction_id': 186, 'delivered': 1},
{'deliver_day': 144, 'order_id': 1000139, 'order_criation_day': 139, 'sending_day': 139, 'receiver': 0, 'sender': 1, 'product': 1001, 'quantity': 9349, 'transit_time': 5, 'lead_time': 5, 'theoretical_lead': 5, 'update_day': 144, 'transaction_id': 187, 'delivered': 1},
{'deliver_day': 144, 'order_id': 1000140, 'order_criation_day': 140, 'sending_day': 140, 'receiver': 0, 'sender': 1, 'product': 1001, 'quantity': 9344, 'transit_time': 4, 'lead_time': 4, 'theoretical_lead': 4, 'update_day': 144, 'transaction_id': 188, 'delivered': 1},
{'deliver_day': 147, 'order_id': 1000141, 'order_criation_day': 141, 'sending_day': 141, 'receiver': 0, 'sender': 1, 'product': 1001, 'quantity': 9352, 'transit_time': 6, 'lead_time': 6, 'theoretical_lead': 6, 'update_day': 147, 'transaction_id': 189, 'delivered': 1},
{'deliver_day': 147, 'order_id': 1000142, 'order_criation_day': 142, 'sending_day': 142, 'receiver': 0, 'sender': 1, 'product': 1001, 'quantity': 9353, 'transit_time': 5, 'lead_time': 5, 'theoretical_lead': 5, 'update_day': 147, 'transaction_id': 190, 'delivered': 1},
{'deliver_day': 148, 'order_id': 1000143, 'order_criation_day': 143, 'sending_day': 143, 'receiver': 0, 'sender': 1, 'product': 1001, 'quantity': 9216, 'transit_time': 5, 'lead_time': 5, 'theoretical_lead': 5, 'update_day': 148, 'transaction_id': 191, 'delivered': 1},
{'deliver_day': 149, 'order_id': 1000144, 'order_criation_day': 144, 'sending_day': 144, 'receiver': 0, 'sender': 1, 'product': 1001, 'quantity': 9220, 'transit_time': 5, 'lead_time': 5, 'theoretical_lead': 5, 'update_day': 149, 'transaction_id': 192, 'delivered': 1},
{'deliver_day': 151, 'order_id': 1000145, 'order_criation_day': 145, 'sending_day': 145, 'receiver': 0, 'sender': 1, 'product': 1001, 'quantity': 9363, 'transit_time': 6, 'lead_time': 6, 'theoretical_lead': 6, 'update_day': 151, 'transaction_id': 193, 'delivered': 1},
{'deliver_day': 152, 'order_id': 1000147, 'order_criation_day': 147, 'sending_day': 147, 'receiver': 0, 'sender': 1, 'product': 1001, 'quantity': 9410, 'transit_time': 5, 'lead_time': 5, 'theoretical_lead': 5, 'update_day': 152, 'transaction_id': 195, 'delivered': 1},
{'deliver_day': 153, 'order_id': 1000149, 'order_criation_day': 149, 'sending_day': 149, 'receiver': 0, 'sender': 1, 'product': 1001, 'quantity': 9389, 'transit_time': 4, 'lead_time': 4, 'theoretical_lead': 4, 'update_day': 153, 'transaction_id': 197, 'delivered': 1},
{'deliver_day': 154, 'order_id': 1000146, 'order_criation_day': 146, 'sending_day': 146, 'receiver': 0, 'sender': 1, 'product': 1001, 'quantity': 9332, 'transit_time': 8, 'lead_time': 8, 'theoretical_lead': 8, 'update_day': 154, 'transaction_id': 194, 'delivered': 1},
{'deliver_day': 155, 'order_id': 1000148, 'order_criation_day': 148, 'sending_day': 148, 'receiver': 0, 'sender': 1, 'product': 1001, 'quantity': 9390, 'transit_time': 7, 'lead_time': 7, 'theoretical_lead': 7, 'update_day': 155, 'transaction_id': 196, 'delivered': 1},
{'deliver_day': 155, 'order_id': 1000150, 'order_criation_day': 150, 'sending_day': 150, 'receiver': 0, 'sender': 1, 'product': 1001, 'quantity': 9276, 'transit_time': 5, 'lead_time': 5, 'theoretical_lead': 5, 'update_day': 155, 'transaction_id': 198, 'delivered': 1},
{'deliver_day': 157, 'order_id': 1000151, 'order_criation_day': 151, 'sending_day': 151, 'receiver': 0, 'sender': 1, 'product': 1001, 'quantity': 9243, 'transit_time': 6, 'lead_time': 6, 'theoretical_lead': 6, 'update_day': 157, 'transaction_id': 199, 'delivered': 1},
{'deliver_day': 158, 'order_id': 1000154, 'order_criation_day': 154, 'sending_day': 154, 'receiver': 0, 'sender': 1, 'product': 1001, 'quantity': 9028, 'transit_time': 4, 'lead_time': 4, 'theoretical_lead': 4, 'update_day': 158, 'transaction_id': 202, 'delivered': 1},
{'deliver_day': 159, 'order_id': 1000152, 'order_criation_day': 152, 'sending_day': 152, 'receiver': 0, 'sender': 1, 'product': 1001, 'quantity': 9264, 'transit_time': 7, 'lead_time': 7, 'theoretical_lead': 7, 'update_day': 159, 'transaction_id': 200, 'delivered': 1},
{'deliver_day': 159, 'order_id': 1000153, 'order_criation_day': 153, 'sending_day': 153, 'receiver': 0, 'sender': 1, 'product': 1001, 'quantity': 9142, 'transit_time': 6, 'lead_time': 6, 'theoretical_lead': 6, 'update_day': 159, 'transaction_id': 201, 'delivered': 1},
{'deliver_day': 161, 'order_id': 1000155, 'order_criation_day': 155, 'sending_day': 155, 'receiver': 0, 'sender': 1, 'product': 1001, 'quantity': 9031, 'transit_time': 6, 'lead_time': 6, 'theoretical_lead': 6, 'update_day': 161, 'transaction_id': 203, 'delivered': 1},
{'deliver_day': 161, 'order_id': 1000156, 'order_criation_day': 156, 'sending_day': 156, 'receiver': 0, 'sender': 1, 'product': 1001, 'quantity': 9084, 'transit_time': 5, 'lead_time': 5, 'theoretical_lead': 5, 'update_day': 161, 'transaction_id': 204, 'delivered': 1},
{'deliver_day': 162, 'order_id': 1000157, 'order_criation_day': 157, 'sending_day': 157, 'receiver': 0, 'sender': 1, 'product': 1001, 'quantity': 9047, 'transit_time': 5, 'lead_time': 5, 'theoretical_lead': 5, 'update_day': 162, 'transaction_id': 205, 'delivered': 1},
{'deliver_day': 163, 'order_id': 1000158, 'order_criation_day': 158, 'sending_day': 158, 'receiver': 0, 'sender': 1, 'product': 1001, 'quantity': 8973, 'transit_time': 5, 'lead_time': 5, 'theoretical_lead': 5, 'update_day': 163, 'transaction_id': 206, 'delivered': 1},
{'deliver_day': 164, 'order_id': 1000159, 'order_criation_day': 159, 'sending_day': 159, 'receiver': 0, 'sender': 1, 'product': 1001, 'quantity': 9031, 'transit_time': 5, 'lead_time': 5, 'theoretical_lead': 5, 'update_day': 164, 'transaction_id': 207, 'delivered': 1},
{'deliver_day': 165, 'order_id': 1000160, 'order_criation_day': 160, 'sending_day': 160, 'receiver': 0, 'sender': 1, 'product': 1001, 'quantity': 9132, 'transit_time': 5, 'lead_time': 5, 'theoretical_lead': 5, 'update_day': 165, 'transaction_id': 208, 'delivered': 1},
{'deliver_day': 167, 'order_id': 1000161, 'order_criation_day': 161, 'sending_day': 161, 'receiver': 0, 'sender': 1, 'product': 1001, 'quantity': 9011, 'transit_time': 6, 'lead_time': 6, 'theoretical_lead': 6, 'update_day': 167, 'transaction_id': 209, 'delivered': 1},
{'deliver_day': 167, 'order_id': 1000162, 'order_criation_day': 162, 'sending_day': 162, 'receiver': 0, 'sender': 1, 'product': 1001, 'quantity': 9118, 'transit_time': 5, 'lead_time': 5, 'theoretical_lead': 5, 'update_day': 167, 'transaction_id': 210, 'delivered': 1},
{'deliver_day': 169, 'order_id': 1000164, 'order_criation_day': 164, 'sending_day': 164, 'receiver': 0, 'sender': 1, 'product': 1001, 'quantity': 9140, 'transit_time': 5, 'lead_time': 5, 'theoretical_lead': 5, 'update_day': 169, 'transaction_id': 212, 'delivered': 1},
{'deliver_day': 170, 'order_id': 1000163, 'order_criation_day': 163, 'sending_day': 163, 'receiver': 0, 'sender': 1, 'product': 1001, 'quantity': 9072, 'transit_time': 7, 'lead_time': 7, 'theoretical_lead': 7, 'update_day': 170, 'transaction_id': 211, 'delivered': 1},
{'deliver_day': 172, 'order_id': 1000165, 'order_criation_day': 165, 'sending_day': 165, 'receiver': 0, 'sender': 1, 'product': 1001, 'quantity': 9127, 'transit_time': 7, 'lead_time': 7, 'theoretical_lead': 7, 'update_day': 172, 'transaction_id': 213, 'delivered': 1},
{'deliver_day': 172, 'order_id': 1000166, 'order_criation_day': 166, 'sending_day': 166, 'receiver': 0, 'sender': 1, 'product': 1001, 'quantity': 9023, 'transit_time': 6, 'lead_time': 6, 'theoretical_lead': 6, 'update_day': 172, 'transaction_id': 214, 'delivered': 1},
{'deliver_day': 172, 'order_id': 1000167, 'order_criation_day': 167, 'sending_day': 167, 'receiver': 0, 'sender': 1, 'product': 1001, 'quantity': 8972, 'transit_time': 5, 'lead_time': 5, 'theoretical_lead': 5, 'update_day': 172, 'transaction_id': 215, 'delivered': 1},
{'deliver_day': 174, 'order_id': 1000168, 'order_criation_day': 168, 'sending_day': 168, 'receiver': 0, 'sender': 1, 'product': 1001, 'quantity': 8918, 'transit_time': 6, 'lead_time': 6, 'theoretical_lead': 6, 'update_day': 174, 'transaction_id': 216, 'delivered': 1},
{'deliver_day': 175, 'order_id': 1000169, 'order_criation_day': 169, 'sending_day': 169, 'receiver': 0, 'sender': 1, 'product': 1001, 'quantity': 9012, 'transit_time': 6, 'lead_time': 6, 'theoretical_lead': 6, 'update_day': 175, 'transaction_id': 217, 'delivered': 1},
{'deliver_day': 177, 'order_id': 1000170, 'order_criation_day': 170, 'sending_day': 170, 'receiver': 0, 'sender': 1, 'product': 1001, 'quantity': 9021, 'transit_time': 7, 'lead_time': 7, 'theoretical_lead': 7, 'update_day': 177, 'transaction_id': 218, 'delivered': 1},
{'deliver_day': 177, 'order_id': 1000171, 'order_criation_day': 171, 'sending_day': 171, 'receiver': 0, 'sender': 1, 'product': 1001, 'quantity': 9007, 'transit_time': 6, 'lead_time': 6, 'theoretical_lead': 6, 'update_day': 177, 'transaction_id': 219, 'delivered': 1},
{'deliver_day': 177, 'order_id': 1000172, 'order_criation_day': 172, 'sending_day': 172, 'receiver': 0, 'sender': 1, 'product': 1001, 'quantity': 8965, 'transit_time': 5, 'lead_time': 5, 'theoretical_lead': 5, 'update_day': 177, 'transaction_id': 220, 'delivered': 1},
{'deliver_day': 178, 'order_id': 1000173, 'order_criation_day': 173, 'sending_day': 173, 'receiver': 0, 'sender': 1, 'product': 1001, 'quantity': 8909, 'transit_time': 5, 'lead_time': 5, 'theoretical_lead': 5, 'update_day': 178, 'transaction_id': 221, 'delivered': 1},
{'deliver_day': 180, 'order_id': 1000174, 'order_criation_day': 174, 'sending_day': 174, 'receiver': 0, 'sender': 1, 'product': 1001, 'quantity': 8906, 'transit_time': 6, 'lead_time': 6, 'theoretical_lead': 6, 'update_day': 180, 'transaction_id': 222, 'delivered': 1},
{'deliver_day': 180, 'order_id': 1000176, 'order_criation_day': 176, 'sending_day': 176, 'receiver': 0, 'sender': 1, 'product': 1001, 'quantity': 9000, 'transit_time': 4, 'lead_time': 4, 'theoretical_lead': 4, 'update_day': 180, 'transaction_id': 224, 'delivered': 1},
{'deliver_day': 181, 'order_id': 1000175, 'order_criation_day': 175, 'sending_day': 175, 'receiver': 0, 'sender': 1, 'product': 1001, 'quantity': 8902, 'transit_time': 6, 'lead_time': 6, 'theoretical_lead': 6, 'update_day': 181, 'transaction_id': 223, 'delivered': 1},
{'deliver_day': 182, 'order_id': 1000177, 'order_criation_day': 177, 'sending_day': 177, 'receiver': 0, 'sender': 1, 'product': 1001, 'quantity': 8886, 'transit_time': 5, 'lead_time': 5, 'theoretical_lead': 5, 'update_day': 182, 'transaction_id': 225, 'delivered': 1},
{'deliver_day': 185, 'order_id': 1000178, 'order_criation_day': 178, 'sending_day': 178, 'receiver': 0, 'sender': 1, 'product': 1001, 'quantity': 8818, 'transit_time': 7, 'lead_time': 7, 'theoretical_lead': 7, 'update_day': 185, 'transaction_id': 226, 'delivered': 1},
{'deliver_day': 185, 'order_id': 1000179, 'order_criation_day': 179, 'sending_day': 179, 'receiver': 0, 'sender': 1, 'product': 1001, 'quantity': 8676, 'transit_time': 6, 'lead_time': 6, 'theoretical_lead': 6, 'update_day': 185, 'transaction_id': 227, 'delivered': 1},
{'deliver_day': 185, 'order_id': 1000181, 'order_criation_day': 181, 'sending_day': 181, 'receiver': 0, 'sender': 1, 'product': 1001, 'quantity': 8609, 'transit_time': 4, 'lead_time': 4, 'theoretical_lead': 4, 'update_day': 185, 'transaction_id': 229, 'delivered': 1},
{'deliver_day': 186, 'order_id': 1000180, 'order_criation_day': 180, 'sending_day': 180, 'receiver': 0, 'sender': 1, 'product': 1001, 'quantity': 8735, 'transit_time': 6, 'lead_time': 6, 'theoretical_lead': 6, 'update_day': 186, 'transaction_id': 228, 'delivered': 1},
{'deliver_day': 188, 'order_id': 1000182, 'order_criation_day': 182, 'sending_day': 182, 'receiver': 0, 'sender': 1, 'product': 1001, 'quantity': 8614, 'transit_time': 6, 'lead_time': 6, 'theoretical_lead': 6, 'update_day': 188, 'transaction_id': 230, 'delivered': 1},
{'deliver_day': 189, 'order_id': 1000183, 'order_criation_day': 183, 'sending_day': 183, 'receiver': 0, 'sender': 1, 'product': 1001, 'quantity': 8654, 'transit_time': 6, 'lead_time': 6, 'theoretical_lead': 6, 'update_day': 189, 'transaction_id': 231, 'delivered': 1},
{'deliver_day': 189, 'order_id': 1000184, 'order_criation_day': 184, 'sending_day': 184, 'receiver': 0, 'sender': 1, 'product': 1001, 'quantity': 8693, 'transit_time': 5, 'lead_time': 5, 'theoretical_lead': 5, 'update_day': 189, 'transaction_id': 232, 'delivered': 1},
{'deliver_day': 191, 'order_id': 1000185, 'order_criation_day': 185, 'sending_day': 185, 'receiver': 0, 'sender': 1, 'product': 1001, 'quantity': 8615, 'transit_time': 6, 'lead_time': 6, 'theoretical_lead': 6, 'update_day': 191, 'transaction_id': 233, 'delivered': 1},
{'deliver_day': 191, 'order_id': 1000186, 'order_criation_day': 186, 'sending_day': 186, 'receiver': 0, 'sender': 1, 'product': 1001, 'quantity': 8526, 'transit_time': 5, 'lead_time': 5, 'theoretical_lead': 5, 'update_day': 191, 'transaction_id': 234, 'delivered': 1},
{'deliver_day': 192, 'order_id': 1000187, 'order_criation_day': 187, 'sending_day': 187, 'receiver': 0, 'sender': 1, 'product': 1001, 'quantity': 8541, 'transit_time': 5, 'lead_time': 5, 'theoretical_lead': 5, 'update_day': 192, 'transaction_id': 235, 'delivered': 1},
{'deliver_day': 192, 'order_id': 1000188, 'order_criation_day': 188, 'sending_day': 188, 'receiver': 0, 'sender': 1, 'product': 1001, 'quantity': 8476, 'transit_time': 4, 'lead_time': 4, 'theoretical_lead': 4, 'update_day': 192, 'transaction_id': 236, 'delivered': 1},
{'deliver_day': 194, 'order_id': 1000189, 'order_criation_day': 189, 'sending_day': 189, 'receiver': 0, 'sender': 1, 'product': 1001, 'quantity': 8524, 'transit_time': 5, 'lead_time': 5, 'theoretical_lead': 5, 'update_day': 194, 'transaction_id': 237, 'delivered': 1},
{'deliver_day': 196, 'order_id': 1000190, 'order_criation_day': 190, 'sending_day': 190, 'receiver': 0, 'sender': 1, 'product': 1001, 'quantity': 8890, 'transit_time': 6, 'lead_time': 6, 'theoretical_lead': 6, 'update_day': 196, 'transaction_id': 238, 'delivered': 1},
{'deliver_day': 196, 'order_id': 1000191, 'order_criation_day': 191, 'sending_day': 191, 'receiver': 0, 'sender': 1, 'product': 1001, 'quantity': 8770, 'transit_time': 5, 'lead_time': 5, 'theoretical_lead': 5, 'update_day': 196, 'transaction_id': 239, 'delivered': 1},
{'deliver_day': 197, 'order_id': 1000192, 'order_criation_day': 192, 'sending_day': 192, 'receiver': 0, 'sender': 1, 'product': 1001, 'quantity': 8757, 'transit_time': 5, 'lead_time': 5, 'theoretical_lead': 5, 'update_day': 197, 'transaction_id': 240, 'delivered': 1},
{'deliver_day': 197, 'order_id': 1000193, 'order_criation_day': 193, 'sending_day': 193, 'receiver': 0, 'sender': 1, 'product': 1001, 'quantity': 8861, 'transit_time': 4, 'lead_time': 4, 'theoretical_lead': 4, 'update_day': 197, 'transaction_id': 241, 'delivered': 1},
{'deliver_day': 198, 'order_id': 1000194, 'order_criation_day': 194, 'sending_day': 194, 'receiver': 0, 'sender': 1, 'product': 1001, 'quantity': 8832, 'transit_time': 4, 'lead_time': 4, 'theoretical_lead': 4, 'update_day': 198, 'transaction_id': 242, 'delivered': 1},
{'deliver_day': 200, 'order_id': 1000195, 'order_criation_day': 195, 'sending_day': 195, 'receiver': 0, 'sender': 1, 'product': 1001, 'quantity': 8765, 'transit_time': 5, 'lead_time': 5, 'theoretical_lead': 5, 'update_day': 200, 'transaction_id': 243, 'delivered': 1},
{'deliver_day': 201, 'order_id': 1000196, 'order_criation_day': 196, 'sending_day': 196, 'receiver': 0, 'sender': 1, 'product': 1001, 'quantity': 8802, 'transit_time': 5, 'lead_time': 5, 'theoretical_lead': 5, 'update_day': 201, 'transaction_id': 244, 'delivered': 1},
{'deliver_day': 203, 'order_id': 1000198, 'order_criation_day': 198, 'sending_day': 198, 'receiver': 0, 'sender': 1, 'product': 1001, 'quantity': 8730, 'transit_time': 5, 'lead_time': 5, 'theoretical_lead': 5, 'update_day': 203, 'transaction_id': 246, 'delivered': 1},
{'deliver_day': 204, 'order_id': 1000197, 'order_criation_day': 197, 'sending_day': 197, 'receiver': 0, 'sender': 1, 'product': 1001, 'quantity': 8763, 'transit_time': 7, 'lead_time': 7, 'theoretical_lead': 7, 'update_day': 204, 'transaction_id': 245, 'delivered': 1},
{'deliver_day': 205, 'order_id': 1000200, 'order_criation_day': 200, 'sending_day': 200, 'receiver': 0, 'sender': 1, 'product': 1001, 'quantity': 8703, 'transit_time': 5, 'lead_time': 5, 'theoretical_lead': 5, 'update_day': 205, 'transaction_id': 248, 'delivered': 1},
{'deliver_day': 205, 'order_id': 1000201, 'order_criation_day': 201, 'sending_day': 201, 'receiver': 0, 'sender': 1, 'product': 1001, 'quantity': 8695, 'transit_time': 4, 'lead_time': 4, 'theoretical_lead': 4, 'update_day': 205, 'transaction_id': 249, 'delivered': 1},
{'deliver_day': 206, 'order_id': 1000199, 'order_criation_day': 199, 'sending_day': 199, 'receiver': 0, 'sender': 1, 'product': 1001, 'quantity': 8786, 'transit_time': 7, 'lead_time': 7, 'theoretical_lead': 7, 'update_day': 206, 'transaction_id': 247, 'delivered': 1},
{'deliver_day': 208, 'order_id': 1000202, 'order_criation_day': 202, 'sending_day': 202, 'receiver': 0, 'sender': 1, 'product': 1001, 'quantity': 8721, 'transit_time': 6, 'lead_time': 6, 'theoretical_lead': 6, 'update_day': 208, 'transaction_id': 250, 'delivered': 1},
{'deliver_day': 209, 'order_id': 1000203, 'order_criation_day': 203, 'sending_day': 203, 'receiver': 0, 'sender': 1, 'product': 1001, 'quantity': 8720, 'transit_time': 6, 'lead_time': 6, 'theoretical_lead': 6, 'update_day': 209, 'transaction_id': 251, 'delivered': 1},
{'deliver_day': 209, 'order_id': 1000205, 'order_criation_day': 205, 'sending_day': 205, 'receiver': 0, 'sender': 1, 'product': 1001, 'quantity': 8627, 'transit_time': 4, 'lead_time': 4, 'theoretical_lead': 4, 'update_day': 209, 'transaction_id': 253, 'delivered': 1},
{'deliver_day': 211, 'order_id': 1000204, 'order_criation_day': 204, 'sending_day': 204, 'receiver': 0, 'sender': 1, 'product': 1001, 'quantity': 8648, 'transit_time': 7, 'lead_time': 7, 'theoretical_lead': 7, 'update_day': 211, 'transaction_id': 252, 'delivered': 1},
{'deliver_day': 212, 'order_id': 1000208, 'order_criation_day': 208, 'sending_day': 208, 'receiver': 0, 'sender': 1, 'product': 1001, 'quantity': 8525, 'transit_time': 4, 'lead_time': 4, 'theoretical_lead': 4, 'update_day': 212, 'transaction_id': 256, 'delivered': 1},
{'deliver_day': 214, 'order_id': 1000206, 'order_criation_day': 206, 'sending_day': 206, 'receiver': 0, 'sender': 1, 'product': 1001, 'quantity': 8511, 'transit_time': 8, 'lead_time': 8, 'theoretical_lead': 8, 'update_day': 214, 'transaction_id': 254, 'delivered': 1},
{'deliver_day': 214, 'order_id': 1000207, 'order_criation_day': 207, 'sending_day': 207, 'receiver': 0, 'sender': 1, 'product': 1001, 'quantity': 8496, 'transit_time': 7, 'lead_time': 7, 'theoretical_lead': 7, 'update_day': 214, 'transaction_id': 255, 'delivered': 1},
{'deliver_day': 216, 'order_id': 1000210, 'order_criation_day': 210, 'sending_day': 210, 'receiver': 0, 'sender': 1, 'product': 1001, 'quantity': 8452, 'transit_time': 6, 'lead_time': 6, 'theoretical_lead': 6, 'update_day': 216, 'transaction_id': 258, 'delivered': 1},
{'deliver_day': 216, 'order_id': 1000211, 'order_criation_day': 211, 'sending_day': 211, 'receiver': 0, 'sender': 1, 'product': 1001, 'quantity': 8377, 'transit_time': 5, 'lead_time': 5, 'theoretical_lead': 5, 'update_day': 216, 'transaction_id': 259, 'delivered': 1},
{'deliver_day': 218, 'order_id': 1000209, 'order_criation_day': 209, 'sending_day': 209, 'receiver': 0, 'sender': 1, 'product': 1001, 'quantity': 8411, 'transit_time': 9, 'lead_time': 9, 'theoretical_lead': 9, 'update_day': 218, 'transaction_id': 257, 'delivered': 1},
{'deliver_day': 218, 'order_id': 1000212, 'order_criation_day': 212, 'sending_day': 212, 'receiver': 0, 'sender': 1, 'product': 1001, 'quantity': 8386, 'transit_time': 6, 'lead_time': 6, 'theoretical_lead': 6, 'update_day': 218, 'transaction_id': 260, 'delivered': 1},
{'deliver_day': 218, 'order_id': 1000213, 'order_criation_day': 213, 'sending_day': 213, 'receiver': 0, 'sender': 1, 'product': 1001, 'quantity': 8307, 'transit_time': 5, 'lead_time': 5, 'theoretical_lead': 5, 'update_day': 218, 'transaction_id': 261, 'delivered': 1},
{'deliver_day': 220, 'order_id': 1000214, 'order_criation_day': 214, 'sending_day': 214, 'receiver': 0, 'sender': 1, 'product': 1001, 'quantity': 8252, 'transit_time': 6, 'lead_time': 6, 'theoretical_lead': 6, 'update_day': 220, 'transaction_id': 262, 'delivered': 1},
{'deliver_day': 221, 'order_id': 1000216, 'order_criation_day': 216, 'sending_day': 216, 'receiver': 0, 'sender': 1, 'product': 1001, 'quantity': 8482, 'transit_time': 5, 'lead_time': 5, 'theoretical_lead': 5, 'update_day': 221, 'transaction_id': 264, 'delivered': 1},
{'deliver_day': 221, 'order_id': 1000218, 'order_criation_day': 218, 'sending_day': 218, 'receiver': 0, 'sender': 1, 'product': 1001, 'quantity': 8554, 'transit_time': 3, 'lead_time': 3, 'theoretical_lead': 3, 'update_day': 221, 'transaction_id': 266, 'delivered': 1},
{'deliver_day': 223, 'order_id': 1000215, 'order_criation_day': 215, 'sending_day': 215, 'receiver': 0, 'sender': 1, 'product': 1001, 'quantity': 8324, 'transit_time': 8, 'lead_time': 8, 'theoretical_lead': 8, 'update_day': 223, 'transaction_id': 263, 'delivered': 1},
{'deliver_day': 223, 'order_id': 1000217, 'order_criation_day': 217, 'sending_day': 217, 'receiver': 0, 'sender': 1, 'product': 1001, 'quantity': 8417, 'transit_time': 6, 'lead_time': 6, 'theoretical_lead': 6, 'update_day': 223, 'transaction_id': 265, 'delivered': 1},
{'deliver_day': 225, 'order_id': 1000219, 'order_criation_day': 219, 'sending_day': 219, 'receiver': 0, 'sender': 1, 'product': 1001, 'quantity': 8646, 'transit_time': 6, 'lead_time': 6, 'theoretical_lead': 6, 'update_day': 225, 'transaction_id': 267, 'delivered': 1},
{'deliver_day': 226, 'order_id': 1000220, 'order_criation_day': 220, 'sending_day': 220, 'receiver': 0, 'sender': 1, 'product': 1001, 'quantity': 8730, 'transit_time': 6, 'lead_time': 6, 'theoretical_lead': 6, 'update_day': 226, 'transaction_id': 268, 'delivered': 1},
{'deliver_day': 226, 'order_id': 1000221, 'order_criation_day': 221, 'sending_day': 221, 'receiver': 0, 'sender': 1, 'product': 1001, 'quantity': 8667, 'transit_time': 5, 'lead_time': 5, 'theoretical_lead': 5, 'update_day': 226, 'transaction_id': 269, 'delivered': 1},
{'deliver_day': 227, 'order_id': 1000222, 'order_criation_day': 222, 'sending_day': 222, 'receiver': 0, 'sender': 1, 'product': 1001, 'quantity': 8587, 'transit_time': 5, 'lead_time': 5, 'theoretical_lead': 5, 'update_day': 227, 'transaction_id': 270, 'delivered': 1},
{'deliver_day': 229, 'order_id': 1000223, 'order_criation_day': 223, 'sending_day': 223, 'receiver': 0, 'sender': 1, 'product': 1001, 'quantity': 8559, 'transit_time': 6, 'lead_time': 6, 'theoretical_lead': 6, 'update_day': 229, 'transaction_id': 271, 'delivered': 1},
{'deliver_day': 229, 'order_id': 1000224, 'order_criation_day': 224, 'sending_day': 224, 'receiver': 0, 'sender': 1, 'product': 1001, 'quantity': 8531, 'transit_time': 5, 'lead_time': 5, 'theoretical_lead': 5, 'update_day': 229, 'transaction_id': 272, 'delivered': 1},
{'deliver_day': 230, 'order_id': 1000225, 'order_criation_day': 225, 'sending_day': 225, 'receiver': 0, 'sender': 1, 'product': 1001, 'quantity': 8673, 'transit_time': 5, 'lead_time': 5, 'theoretical_lead': 5, 'update_day': 230, 'transaction_id': 273, 'delivered': 1},
{'deliver_day': 230, 'order_id': 1000226, 'order_criation_day': 226, 'sending_day': 226, 'receiver': 0, 'sender': 1, 'product': 1001, 'quantity': 8620, 'transit_time': 4, 'lead_time': 4, 'theoretical_lead': 4, 'update_day': 230, 'transaction_id': 274, 'delivered': 1},
{'deliver_day': 230, 'order_id': 1000228, 'order_criation_day': 228, 'sending_day': 228, 'receiver': 0, 'sender': 1, 'product': 1001, 'quantity': 8596, 'transit_time': 2, 'lead_time': 2, 'theoretical_lead': 2, 'update_day': 230, 'transaction_id': 276, 'delivered': 1},
{'deliver_day': 231, 'order_id': 1000227, 'order_criation_day': 227, 'sending_day': 227, 'receiver': 0, 'sender': 1, 'product': 1001, 'quantity': 8583, 'transit_time': 4, 'lead_time': 4, 'theoretical_lead': 4, 'update_day': 231, 'transaction_id': 275, 'delivered': 1},
{'deliver_day': 234, 'order_id': 1000229, 'order_criation_day': 229, 'sending_day': 229, 'receiver': 0, 'sender': 1, 'product': 1001, 'quantity': 8569, 'transit_time': 5, 'lead_time': 5, 'theoretical_lead': 5, 'update_day': 234, 'transaction_id': 277, 'delivered': 1},
{'deliver_day': 235, 'order_id': 1000230, 'order_criation_day': 230, 'sending_day': 230, 'receiver': 0, 'sender': 1, 'product': 1001, 'quantity': 8535, 'transit_time': 5, 'lead_time': 5, 'theoretical_lead': 5, 'update_day': 235, 'transaction_id': 278, 'delivered': 1},
{'deliver_day': 235, 'order_id': 1000231, 'order_criation_day': 231, 'sending_day': 231, 'receiver': 0, 'sender': 1, 'product': 1001, 'quantity': 8488, 'transit_time': 4, 'lead_time': 4, 'theoretical_lead': 4, 'update_day': 235, 'transaction_id': 279, 'delivered': 1},
{'deliver_day': 237, 'order_id': 1000232, 'order_criation_day': 232, 'sending_day': 232, 'receiver': 0, 'sender': 1, 'product': 1001, 'quantity': 8474, 'transit_time': 5, 'lead_time': 5, 'theoretical_lead': 5, 'update_day': 237, 'transaction_id': 280, 'delivered': 1},
{'deliver_day': 239, 'order_id': 1000233, 'order_criation_day': 233, 'sending_day': 233, 'receiver': 0, 'sender': 1, 'product': 1001, 'quantity': 8429, 'transit_time': 6, 'lead_time': 6, 'theoretical_lead': 6, 'update_day': 239, 'transaction_id': 281, 'delivered': 1},
{'deliver_day': 240, 'order_id': 1000234, 'order_criation_day': 234, 'sending_day': 234, 'receiver': 0, 'sender': 1, 'product': 1001, 'quantity': 8427, 'transit_time': 6, 'lead_time': 6, 'theoretical_lead': 6, 'update_day': 240, 'transaction_id': 282, 'delivered': 1},
{'deliver_day': 240, 'order_id': 1000235, 'order_criation_day': 235, 'sending_day': 235, 'receiver': 0, 'sender': 1, 'product': 1001, 'quantity': 8436, 'transit_time': 5, 'lead_time': 5, 'theoretical_lead': 5, 'update_day': 240, 'transaction_id': 283, 'delivered': 1},
{'deliver_day': 241, 'order_id': 1000236, 'order_criation_day': 236, 'sending_day': 236, 'receiver': 0, 'sender': 1, 'product': 1001, 'quantity': 8406, 'transit_time': 5, 'lead_time': 5, 'theoretical_lead': 5, 'update_day': 241, 'transaction_id': 284, 'delivered': 1},
{'deliver_day': 242, 'order_id': 1000237, 'order_criation_day': 237, 'sending_day': 237, 'receiver': 0, 'sender': 1, 'product': 1001, 'quantity': 8561, 'transit_time': 5, 'lead_time': 5, 'theoretical_lead': 5, 'update_day': 242, 'transaction_id': 285, 'delivered': 1},
{'deliver_day': 242, 'order_id': 1000238, 'order_criation_day': 238, 'sending_day': 238, 'receiver': 0, 'sender': 1, 'product': 1001, 'quantity': 8650, 'transit_time': 4, 'lead_time': 4, 'theoretical_lead': 4, 'update_day': 242, 'transaction_id': 286, 'delivered': 1},
{'deliver_day': 244, 'order_id': 1000239, 'order_criation_day': 239, 'sending_day': 239, 'receiver': 0, 'sender': 1, 'product': 1001, 'quantity': 8684, 'transit_time': 5, 'lead_time': 5, 'theoretical_lead': 5, 'update_day': 244, 'transaction_id': 287, 'delivered': 1},
{'deliver_day': 247, 'order_id': 1000240, 'order_criation_day': 240, 'sending_day': 240, 'receiver': 0, 'sender': 1, 'product': 1001, 'quantity': 8735, 'transit_time': 7, 'lead_time': 7, 'theoretical_lead': 7, 'update_day': 247, 'transaction_id': 288, 'delivered': 1},
{'deliver_day': 247, 'order_id': 1000241, 'order_criation_day': 241, 'sending_day': 241, 'receiver': 0, 'sender': 1, 'product': 1001, 'quantity': 8908, 'transit_time': 6, 'lead_time': 6, 'theoretical_lead': 6, 'update_day': 247, 'transaction_id': 289, 'delivered': 1},
{'deliver_day': 248, 'order_id': 1000242, 'order_criation_day': 242, 'sending_day': 242, 'receiver': 0, 'sender': 1, 'product': 1001, 'quantity': 8810, 'transit_time': 6, 'lead_time': 6, 'theoretical_lead': 6, 'update_day': 248, 'transaction_id': 290, 'delivered': 1},
{'deliver_day': 249, 'order_id': 1000243, 'order_criation_day': 243, 'sending_day': 243, 'receiver': 0, 'sender': 1, 'product': 1001, 'quantity': 8828, 'transit_time': 6, 'lead_time': 6, 'theoretical_lead': 6, 'update_day': 249, 'transaction_id': 291, 'delivered': 1},
{'deliver_day': 250, 'order_id': 1000244, 'order_criation_day': 244, 'sending_day': 244, 'receiver': 0, 'sender': 1, 'product': 1001, 'quantity': 8943, 'transit_time': 6, 'lead_time': 6, 'theoretical_lead': 6, 'update_day': 250, 'transaction_id': 292, 'delivered': 1},
{'deliver_day': 250, 'order_id': 1000245, 'order_criation_day': 245, 'sending_day': 245, 'receiver': 0, 'sender': 1, 'product': 1001, 'quantity': 8895, 'transit_time': 5, 'lead_time': 5, 'theoretical_lead': 5, 'update_day': 250, 'transaction_id': 293, 'delivered': 1},
{'deliver_day': 251, 'order_id': 1000248, 'order_criation_day': 248, 'sending_day': 248, 'receiver': 0, 'sender': 1, 'product': 1001, 'quantity': 8748, 'transit_time': 3, 'lead_time': 3, 'theoretical_lead': 3, 'update_day': 251, 'transaction_id': 296, 'delivered': 1},
{'deliver_day': 252, 'order_id': 1000246, 'order_criation_day': 246, 'sending_day': 246, 'receiver': 0, 'sender': 1, 'product': 1001, 'quantity': 8804, 'transit_time': 6, 'lead_time': 6, 'theoretical_lead': 6, 'update_day': 252, 'transaction_id': 294, 'delivered': 1},
{'deliver_day': 254, 'order_id': 1000247, 'order_criation_day': 247, 'sending_day': 247, 'receiver': 0, 'sender': 1, 'product': 1001, 'quantity': 8782, 'transit_time': 7, 'lead_time': 7, 'theoretical_lead': 7, 'update_day': 254, 'transaction_id': 295, 'delivered': 1},
{'deliver_day': 254, 'order_id': 1000249, 'order_criation_day': 249, 'sending_day': 249, 'receiver': 0, 'sender': 1, 'product': 1001, 'quantity': 8839, 'transit_time': 5, 'lead_time': 5, 'theoretical_lead': 5, 'update_day': 254, 'transaction_id': 297, 'delivered': 1},
{'deliver_day': 255, 'order_id': 1000250, 'order_criation_day': 250, 'sending_day': 250, 'receiver': 0, 'sender': 1, 'product': 1001, 'quantity': 8984, 'transit_time': 5, 'lead_time': 5, 'theoretical_lead': 5, 'update_day': 255, 'transaction_id': 298, 'delivered': 1},
{'deliver_day': 256, 'order_id': 1000251, 'order_criation_day': 251, 'sending_day': 251, 'receiver': 0, 'sender': 1, 'product': 1001, 'quantity': 8966, 'transit_time': 5, 'lead_time': 5, 'theoretical_lead': 5, 'update_day': 256, 'transaction_id': 299, 'delivered': 1},
{'deliver_day': 258, 'order_id': 1000252, 'order_criation_day': 252, 'sending_day': 252, 'receiver': 0, 'sender': 1, 'product': 1001, 'quantity': 8903, 'transit_time': 6, 'lead_time': 6, 'theoretical_lead': 6, 'update_day': 258, 'transaction_id': 300, 'delivered': 1},
{'deliver_day': 260, 'order_id': 1000253, 'order_criation_day': 253, 'sending_day': 253, 'receiver': 0, 'sender': 1, 'product': 1001, 'quantity': 9059, 'transit_time': 7, 'lead_time': 7, 'theoretical_lead': 7, 'update_day': 260, 'transaction_id': 301, 'delivered': 1},
{'deliver_day': 260, 'order_id': 1000254, 'order_criation_day': 254, 'sending_day': 254, 'receiver': 0, 'sender': 1, 'product': 1001, 'quantity': 9146, 'transit_time': 6, 'lead_time': 6, 'theoretical_lead': 6, 'update_day': 260, 'transaction_id': 302, 'delivered': 1},
{'deliver_day': 262, 'order_id': 1000255, 'order_criation_day': 255, 'sending_day': 255, 'receiver': 0, 'sender': 1, 'product': 1001, 'quantity': 9240, 'transit_time': 7, 'lead_time': 7, 'theoretical_lead': 7, 'update_day': 262, 'transaction_id': 303, 'delivered': 1},
{'deliver_day': 262, 'order_id': 1000256, 'order_criation_day': 256, 'sending_day': 256, 'receiver': 0, 'sender': 1, 'product': 1001, 'quantity': 9240, 'transit_time': 6, 'lead_time': 6, 'theoretical_lead': 6, 'update_day': 262, 'transaction_id': 304, 'delivered': 1},
{'deliver_day': 263, 'order_id': 1000257, 'order_criation_day': 257, 'sending_day': 257, 'receiver': 0, 'sender': 1, 'product': 1001, 'quantity': 9240, 'transit_time': 6, 'lead_time': 6, 'theoretical_lead': 6, 'update_day': 263, 'transaction_id': 305, 'delivered': 1},
{'deliver_day': 264, 'order_id': 1000259, 'order_criation_day': 259, 'sending_day': 259, 'receiver': 0, 'sender': 1, 'product': 1001, 'quantity': 9285, 'transit_time': 5, 'lead_time': 5, 'theoretical_lead': 5, 'update_day': 264, 'transaction_id': 307, 'delivered': 1},
{'deliver_day': 265, 'order_id': 1000258, 'order_criation_day': 258, 'sending_day': 258, 'receiver': 0, 'sender': 1, 'product': 1001, 'quantity': 9310, 'transit_time': 7, 'lead_time': 7, 'theoretical_lead': 7, 'update_day': 265, 'transaction_id': 306, 'delivered': 1},
{'deliver_day': 266, 'order_id': 1000260, 'order_criation_day': 260, 'sending_day': 260, 'receiver': 0, 'sender': 1, 'product': 1001, 'quantity': 9305, 'transit_time': 6, 'lead_time': 6, 'theoretical_lead': 6, 'update_day': 266, 'transaction_id': 308, 'delivered': 1},
{'deliver_day': 267, 'order_id': 1000261, 'order_criation_day': 261, 'sending_day': 261, 'receiver': 0, 'sender': 1, 'product': 1001, 'quantity': 9305, 'transit_time': 6, 'lead_time': 6, 'theoretical_lead': 6, 'update_day': 267, 'transaction_id': 309, 'delivered': 1},
{'deliver_day': 268, 'order_id': 1000262, 'order_criation_day': 262, 'sending_day': 262, 'receiver': 0, 'sender': 1, 'product': 1001, 'quantity': 9423, 'transit_time': 6, 'lead_time': 6, 'theoretical_lead': 6, 'update_day': 268, 'transaction_id': 310, 'delivered': 1},
{'deliver_day': 268, 'order_id': 1000263, 'order_criation_day': 263, 'sending_day': 263, 'receiver': 0, 'sender': 1, 'product': 1001, 'quantity': 9530, 'transit_time': 5, 'lead_time': 5, 'theoretical_lead': 5, 'update_day': 268, 'transaction_id': 311, 'delivered': 1},
{'deliver_day': 270, 'order_id': 1000265, 'order_criation_day': 265, 'sending_day': 265, 'receiver': 0, 'sender': 1, 'product': 1001, 'quantity': 9545, 'transit_time': 5, 'lead_time': 5, 'theoretical_lead': 5, 'update_day': 270, 'transaction_id': 313, 'delivered': 1},
{'deliver_day': 270, 'order_id': 1000266, 'order_criation_day': 266, 'sending_day': 266, 'receiver': 0, 'sender': 1, 'product': 1001, 'quantity': 9497, 'transit_time': 4, 'lead_time': 4, 'theoretical_lead': 4, 'update_day': 270, 'transaction_id': 314, 'delivered': 1},
{'deliver_day': 271, 'order_id': 1000264, 'order_criation_day': 264, 'sending_day': 264, 'receiver': 0, 'sender': 1, 'product': 1001, 'quantity': 9458, 'transit_time': 7, 'lead_time': 7, 'theoretical_lead': 7, 'update_day': 271, 'transaction_id': 312, 'delivered': 1},
{'deliver_day': 273, 'order_id': 1000267, 'order_criation_day': 267, 'sending_day': 267, 'receiver': 0, 'sender': 1, 'product': 1001, 'quantity': 9401, 'transit_time': 6, 'lead_time': 6, 'theoretical_lead': 6, 'update_day': 273, 'transaction_id': 315, 'delivered': 1},
